scenario,split,density_mw_per_km2,wake_loss
new_more,10000,0.01784796236727204,0.11144776173520789
new_more,10000,0.018212772819589364,0.11144776173520789
new_more,10000,0.028808809668151372,0.11144776173520789
new_more,10000,0.032696556887982585,0.11144776173520789
new_more,10000,0.01803396776477667,0.11144776173520789
new_more,10000,0.006393715069774585,0.11144776173520789
new_more,10000,0.0035660546509443335,0.11144776173520789
new_more,10000,0.015953197341778632,0.11144776173520789
new_more,10000,0.018362977208221793,0.11144776173520789
new_more,10000,0.0224940460434659,0.11144776173520789
new_more,10000,0.01819106469127957,0.11144776173520789
new_more,10000,0.011035316954108637,0.11144776173520789
new_more,10000,0.011565954725528923,0.11144776173520789
new_more,10000,0.008665747804604506,0.11144776173520789
new_more,10000,0.010762648129907914,0.11144776173520789
new_more,10000,0.005723204849856744,0.11144776173520789
new_more,10000,0.012406399361834011,0.11144776173520789
new_more,10000,0.007899704360001156,0.11144776173520789
new_more,10000,0.016133591429267118,0.11144776173520789
new_more,10000,0.009092340359330152,0.11144776173520789
new_more,10000,0.01512299832245953,0.11144776173520789
new_more,10000,0.01027412678429437,0.11144776173520789
new_more,10000,0.015362781871669272,0.11144776173520789
new_more,10000,0.02520504812985543,0.11144776173520789
new_more,10000,0.015483181252851896,0.11144776173520789
new_more,10000,0.016560702129563072,0.11144776173520789
new_more,10000,0.01231548599497536,0.11144776173520789
new_more,10000,0.011851606797644475,0.11144776173520789
new_more,10000,0.0206168255932609,0.11144776173520789
new_more,10000,0.014036689738597128,0.11144776173520789
new_more,10000,0.01134758120871189,0.11144776173520789
new_more,10000,0.013608017389492669,0.11144776173520789
new_more,10000,0.011737608347841294,0.11144776173520789
new_more,10000,0.015575876993195025,0.11144776173520789
new_more,10000,0.016976420010181445,0.11144776173520789
new_more,10000,0.01628477418201364,0.11144776173520789
new_more,10000,0.016397997959236126,0.11144776173520789
new_more,10000,0.0079633873932298,0.11144776173520789
new_more,10000,0.00926237067732352,0.11144776173520789
new_more,10000,0.016523628605235277,0.11144776173520789
new_more,10000,0.01354238724499329,0.11144776173520789
new_more,10000,0.0103276474112454,0.11144776173520789
new_more,10000,0.0149439054970289,0.11144776173520789
new_more,10000,0.016761618414017108,0.11144776173520789
new_more,10000,0.021204461227904575,0.11144776173520789
new_more,10000,0.015626722597495903,0.11144776173520789
new_more,10000,0.011332354040318404,0.11144776173520789
new_more,10000,0.01577888862891382,0.11144776173520789
new_more,10000,0.013749053685429552,0.11144776173520789
new_more,10000,0.013234138229372683,0.11144776173520789
new_more,10000,0.01313975409479137,0.11144776173520789
new_more,10000,0.01718733611315747,0.11144776173520789
new_more,10000,0.018538910831279346,0.11144776173520789
new_more,10000,0.029341390952998953,0.11144776173520789
new_more,10000,0.019170294714811142,0.11144776173520789
new_more,10000,0.020466175569479293,0.11144776173520789
new_more,10000,0.014303313851231866,0.11144776173520789
new_more,10000,0.013915363046477,0.11144776173520789
new_more,10000,0.005592148873350102,0.11144776173520789
new_more,10000,0.0013774423704958174,0.11144776173520789
new_more,10000,0.009959119124041047,0.11144776173520789
new_more,10000,0.006250034528402507,0.11144776173520789
new_more,10000,0.006652157526074531,0.11144776173520789
new_more,10000,0.014385989945789188,0.11144776173520789
new_more,10000,0.011787770641079512,0.11144776173520789
new_more,10000,0.01241667169474451,0.11144776173520789
new_more,10000,0.017503016165730693,0.11144776173520789
new_more,10000,0.011363259811713397,0.11144776173520789
new_more,10000,0.015497043647975212,0.11144776173520789
new_more,10000,0.010018304889403105,0.11144776173520789
new_more,10000,0.014838695320715732,0.11144776173520789
new_more,10000,0.012102436763829326,0.11144776173520789
new_more,10000,0.015672703666047953,0.11144776173520789
new_more,10000,0.01255560277110922,0.11144776173520789
new_more,10000,0.011584661273499126,0.11144776173520789
new_more,10000,0.013454646221982365,0.11144776173520789
new_more,10000,0.019260449422364767,0.11144776173520789
new_more,10000,0.016693523388942755,0.11144776173520789
new_more,10000,0.028643785852464156,0.11144776173520789
new_more,10000,0.013426591259577327,0.11144776173520789
new_more,10000,0.029762518178239536,0.11144776173520789
new_more,10000,0.014012331663824422,0.11144776173520789
new_more,10000,0.02491258836567559,0.11144776173520789
new_more,10000,0.022916238598913823,0.11144776173520789
new_more,10000,0.02016028881476376,0.11144776173520789
new_more,10000,0.008417119574037317,0.11144776173520789
new_more,10000,0.008239628173159846,0.11144776173520789
new_more,10000,0.0047169087962269035,0.11144776173520789
new_more,10000,0.010145885550411632,0.11144776173520789
new_more,10000,0.0059683692380858395,0.11144776173520789
new_more,10000,0.0019718518185081087,0.11144776173520789
new_more,10000,0.007366517007751112,0.11144776173520789
new_more,10000,0.005062095704158739,0.11144776173520789
new_more,10000,0.00684533488663149,0.11144776173520789
new_more,10000,0.003834536144915475,0.11144776173520789
new_more,10000,0.005382349273349383,0.11144776173520789
new_more,10000,0.00962480685096225,0.11144776173520789
new_more,10000,0.0008472282963595232,0.11144776173520789
new_more,10000,0.0069040374171182506,0.11144776173520789
new_more,10000,0.010776818667201007,0.11144776173520789
new_more,10000,0.010966155441217013,0.11144776173520789
new_more,10000,0.021308043632688223,0.11144776173520789
new_more,10000,0.03602338057663583,0.11144776173520789
new_more,10000,0.01074173464714998,0.11144776173520789
new_more,10000,0.0018317961476487067,0.11144776173520789
new_more,10000,0.011156539288522654,0.11144776173520789
new_more,10000,0.010907448225491972,0.11144776173520789
new_more,10000,0.009830176999229872,0.11144776173520789
new_more,10000,0.008327702225132776,0.11144776173520789
new_more,10000,0.008215257773283826,0.11144776173520789
new_more,10000,0.017944032837193848,0.11144776173520789
new_more,10000,0.01258431820664656,0.11144776173520789
new_more,10000,0.006049407592288066,0.11144776173520789
new_more,10000,0.007625817951935914,0.11144776173520789
new_more,10000,0.014440322328299391,0.11144776173520789
new_more,10000,0.0370257,0.11144776173520789
new_more,10000,0.040785165557601574,0.1536796798077802
new_more,10000,0.0370257,0.11144776173520789
new_more,10000,0.6163904216317216,0.1536796798077802
new_more,10000,0.0370257,0.11144776173520789
new_more,10000,0.19052553886268261,0.1536796798077802
new_more,10000,0.037025699999999995,0.11144776173520789
new_more,10000,0.7517993723666901,0.1536796798077802
new_more,10000,0.0370257,0.11144776173520789
new_more,10000,0.471070492514861,0.1536796798077802
new_more,10000,0.0370257,0.11144776173520789
new_more,10000,0.2752070265299917,0.1536796798077802
new_more,10000,0.0370257,0.11144776173520789
new_more,10000,0.36562104898973014,0.1536796798077802
new_more,10000,0.03702570000000001,0.11144776173520789
new_more,10000,0.405028640680264,0.1536796798077802
new_more,10000,0.0370257,0.11144776173520789
new_more,10000,0.2015120505957911,0.1536796798077802
new_more,10000,0.0370257,0.11144776173520789
new_more,10000,0.6103892645721973,0.1536796798077802
new_more,10000,0.0370257,0.11144776173520789
new_more,10000,0.5727655065760231,0.1536796798077802
new_more,10000,0.0370257,0.11144776173520789
new_more,10000,0.7627326076482905,0.1536796798077802
new_more,10000,0.0370257,0.11144776173520789
new_more,10000,0.4482271851618944,0.1536796798077802
new_more,10000,0.0370257,0.11144776173520789
new_more,10000,0.020924442674590343,0.1536796798077802
new_more,10000,0.0370257,0.11144776173520789
new_more,10000,0.6221525340383991,0.1536796798077802
new_more,10000,0.0370257,0.11144776173520789
new_more,10000,0.722336910098643,0.1536796798077802
new_more,10000,0.0370257,0.11144776173520789
new_more,10000,0.469684602039504,0.1536796798077802
new_more,10000,0.0370257,0.11144776173520789
new_more,10000,0.5551206624336369,0.1536796798077802
new_more,10000,0.0370257,0.11144776173520789
new_more,10000,0.6038643172338513,0.1536796798077802
new_more,10000,0.0370257,0.11144776173520789
new_more,10000,0.5630572821731478,0.1536796798077802
new_more,10000,0.0370257,0.11144776173520789
new_more,10000,0.2617676857439033,0.1536796798077802
new_more,10000,0.0370257,0.11144776173520789
new_more,10000,0.3115614185155215,0.1536796798077802
new_more,10000,0.0370257,0.11144776173520789
new_more,10000,0.5296863655293556,0.1536796798077802
new_more,10000,0.0370257,0.11144776173520789
new_more,10000,0.47073908962669103,0.1536796798077802
new_more,10000,0.0370257,0.11144776173520789
new_more,10000,0.0902377030186921,0.1536796798077802
new_more,10000,0.0370257,0.11144776173520789
new_more,10000,0.08564757241249674,0.1536796798077802
new_more,10000,0.0370257,0.11144776173520789
new_more,10000,0.381601716885956,0.1536796798077802
new_more,10000,0.0370257,0.11144776173520789
new_more,10000,0.6146218371942568,0.1536796798077802
new_more,10000,0.0370257,0.11144776173520789
new_more,10000,0.25746200599001723,0.1536796798077802
new_more,10000,0.0370257,0.11144776173520789
new_more,10000,0.4847977673006655,0.1536796798077802
new_more,10000,0.0370257,0.11144776173520789
new_more,10000,0.3724795472488063,0.1536796798077802
new_more,10000,0.0370257,0.11144776173520789
new_more,10000,0.18864912615571985,0.1536796798077802
new_more,10000,0.0370257,0.11144776173520789
new_more,10000,0.2222152987704721,0.1536796798077802
new_more,10000,0.0370257,0.11144776173520789
new_more,10000,0.32320130672338226,0.1536796798077802
new_more,10000,0.0370257,0.11144776173520789
new_more,10000,0.3478195317527712,0.1536796798077802
new_more,10000,0.0370257,0.11144776173520789
new_more,10000,0.040080369443271376,0.1536796798077802
new_more,10000,0.0370257,0.11144776173520789
new_more,10000,0.02363684692408215,0.1536796798077802
new_more,10000,0.0370257,0.11144776173520789
new_more,10000,0.4664555995839383,0.1536796798077802
new_more,10000,0.0370257,0.11144776173520789
new_more,10000,0.7057701994303128,0.1536796798077802
new_more,10000,0.0370257,0.11144776173520789
new_more,10000,0.767299150933897,0.1536796798077802
new_more,10000,0.0370257,0.11144776173520789
new_more,10000,0.7669360637960551,0.1536796798077802
new_more,10000,0.0370257,0.11144776173520789
new_more,10000,0.3119684827461134,0.1536796798077802
new_more,10000,0.0370257,0.11144776173520789
new_more,10000,0.6704527463041822,0.1536796798077802
new_more,10000,0.0370257,0.11144776173520789
new_more,10000,0.4347132434315439,0.1536796798077802
new_more,10000,0.0370257,0.11144776173520789
new_more,10000,0.459278651969319,0.1536796798077802
new_more,10000,0.0370257,0.11144776173520789
new_more,10000,0.11756373556433337,0.1536796798077802
new_more,10000,0.0370257,0.11144776173520789
new_more,10000,0.3552837323468065,0.1536796798077802
new_more,10000,0.0370257,0.11144776173520789
new_more,10000,0.6155027100736322,0.1536796798077802
new_more,10000,0.0370257,0.11144776173520789
new_more,10000,0.2288336791145555,0.1536796798077802
new_more,10000,0.0370257,0.11144776173520789
new_more,10000,0.06877758085639031,0.1536796798077802
new_more,10000,0.0370257,0.11144776173520789
new_more,10000,0.3435485810420701,0.1536796798077802
new_more,10000,0.0370257,0.11144776173520789
new_more,10000,0.61010813292213,0.1536796798077802
new_more,10000,0.0370257,0.11144776173520789
new_more,10000,0.368549768003018,0.1536796798077802
new_more,10000,0.0370257,0.11144776173520789
new_more,10000,0.4218362781662632,0.1536796798077802
new_more,10000,0.0370257,0.11144776173520789
new_more,10000,0.5139059608834484,0.1536796798077802
new_more,10000,0.0370257,0.11144776173520789
new_more,10000,0.061925757344294646,0.1536796798077802
new_more,10000,0.0370257,0.11144776173520789
new_more,10000,0.5303142938159956,0.1536796798077802
new_more,10000,0.0370257,0.11144776173520789
new_more,10000,0.219428494922195,0.1536796798077802
new_more,10000,0.0370257,0.11144776173520789
new_more,10000,0.2767550067092378,0.1536796798077802
new_more,10000,0.0370257,0.11144776173520789
new_more,10000,0.3281452435263945,0.1536796798077802
new_more,10000,0.0370257,0.11144776173520789
new_more,10000,0.06854658023821232,0.1536796798077802
new_more,10000,0.0370257,0.11144776173520789
new_more,10000,0.4653089441460856,0.1536796798077802
new_more,10000,0.0370257,0.11144776173520789
new_more,10000,0.30464142259401705,0.1536796798077802
new_more,10000,0.0370257,0.11144776173520789
new_more,10000,0.08946196901404198,0.1536796798077802
new_more,10000,0.0370257,0.11144776173520789
new_more,10000,0.48937948961958117,0.1536796798077802
new_more,10000,0.0370257,0.11144776173520789
new_more,10000,0.04070089341639774,0.1536796798077802
new_more,10000,0.0370257,0.11144776173520789
new_more,10000,0.5430957365673326,0.1536796798077802
new_more,10000,0.0370257,0.11144776173520789
new_more,10000,0.3974221774683085,0.1536796798077802
new_more,10000,0.0370257,0.11144776173520789
new_more,10000,0.2209076225397572,0.1536796798077802
new_more,10000,0.0370257,0.11144776173520789
new_more,10000,0.44209839590569033,0.1536796798077802
new_more,10000,0.0370257,0.11144776173520789
new_more,10000,0.37496225111015097,0.1536796798077802
new_more,10000,0.0370257,0.11144776173520789
new_more,10000,0.5150919316100411,0.1536796798077802
new_more,10000,0.0370257,0.11144776173520789
new_more,10000,0.03015741486025811,0.1536796798077802
new_more,10000,0.0370257,0.11144776173520789
new_more,10000,0.3981339341973191,0.1536796798077802
new_more,10000,0.0370257,0.11144776173520789
new_more,10000,0.18121875282555336,0.1536796798077802
new_more,10000,0.0370257,0.11144776173520789
new_more,10000,0.07289255268254279,0.1536796798077802
new_more,10000,0.0370257,0.11144776173520789
new_more,10000,0.2875492719023504,0.1536796798077802
new_more,10000,0.0370257,0.11144776173520789
new_more,10000,0.32557403591580475,0.1536796798077802
new_more,10000,0.0370257,0.11144776173520789
new_more,10000,0.42623862455991957,0.1536796798077802
new_more,10000,0.0370257,0.11144776173520789
new_more,10000,0.2520002742828217,0.1536796798077802
new_more,10000,0.0370257,0.11144776173520789
new_more,10000,0.2506111093059811,0.1536796798077802
new_more,10000,0.0370257,0.11144776173520789
new_more,10000,0.07178540891657359,0.1536796798077802
new_more,10000,0.0370257,0.11144776173520789
new_more,10000,0.02788658653775328,0.1536796798077802
new_more,10000,0.0370257,0.11144776173520789
new_more,10000,0.20182241448080376,0.1536796798077802
new_more,10000,0.0370257,0.11144776173520789
new_more,10000,0.7659799035115582,0.1536796798077802
new_more,10000,0.0370257,0.11144776173520789
new_more,10000,0.11282679059965253,0.1536796798077802
new_more,10000,0.0370257,0.11144776173520789
new_more,10000,0.6995560023289469,0.1536796798077802
new_more,10000,0.0370257,0.11144776173520789
new_more,10000,0.385243935446244,0.1536796798077802
new_more,10000,0.0370257,0.11144776173520789
new_more,10000,0.49633868197442177,0.1536796798077802
new_more,10000,0.0370257,0.11144776173520789
new_more,10000,0.15075936029477102,0.1536796798077802
new_more,10000,0.0370257,0.11144776173520789
new_more,10000,0.43962998923077534,0.1536796798077802
new_more,10000,0.0370257,0.11144776173520789
new_more,10000,0.10134810330957529,0.1536796798077802
new_more,10000,0.0370257,0.11144776173520789
new_more,10000,0.2942682139145185,0.1536796798077802
new_more,10000,0.0370257,0.11144776173520789
new_more,10000,0.23261076013787646,0.1536796798077802
new_more,10000,0.0370257,0.11144776173520789
new_more,10000,0.6899405831568622,0.1536796798077802
new_more,10000,0.0370257,0.11144776173520789
new_more,10000,0.3664890977868735,0.1536796798077802
new_more,10000,0.0370257,0.11144776173520789
new_more,10000,0.4956390673472728,0.1536796798077802
new_more,10000,0.0370257,0.11144776173520789
new_more,10000,0.008029626171925368,0.1536796798077802
new_more,10000,0.0370257,0.11144776173520789
new_more,10000,0.46258966773114457,0.1536796798077802
new_more,10000,0.0370257,0.11144776173520789
new_more,10000,0.6629854826336193,0.1536796798077802
new_more,10000,0.0370257,0.11144776173520789
new_more,10000,0.36456573507523343,0.1536796798077802
new_more,10000,0.0370257,0.11144776173520789
new_more,10000,0.18865111335666113,0.1536796798077802
new_more,10000,0.0370257,0.11144776173520789
new_more,10000,0.7083148459892815,0.1536796798077802
new_more,10000,0.0370257,0.11144776173520789
new_more,10000,0.35806241831052077,0.1536796798077802
new_more,10000,0.0370257,0.11144776173520789
new_more,10000,0.041630007032490764,0.1536796798077802
new_more,10000,0.0370257,0.11144776173520789
new_more,10000,0.021029168389427737,0.1536796798077802
new_more,10000,0.0370257,0.11144776173520789
new_more,10000,0.5791467274851942,0.1536796798077802
new_more,10000,0.0370257,0.11144776173520789
new_more,10000,0.2709490945048014,0.1536796798077802
new_more,10000,0.0370257,0.11144776173520789
new_more,10000,0.718555566999835,0.1536796798077802
new_more,10000,0.0370257,0.11144776173520789
new_more,10000,0.4441457675431105,0.1536796798077802
new_more,10000,0.0370257,0.11144776173520789
new_more,10000,0.4403841324578411,0.1536796798077802
new_more,10000,0.0370257,0.11144776173520789
new_more,10000,0.28272460745322,0.1536796798077802
new_more,10000,0.0370257,0.11144776173520789
new_more,10000,0.7528860444741833,0.1536796798077802
new_more,10000,0.0370257,0.11144776173520789
new_more,10000,0.6586342647273841,0.1536796798077802
new_more,10000,0.0370257,0.11144776173520789
new_more,10000,0.6536062032456098,0.1536796798077802
new_more,10000,0.0370257,0.11144776173520789
new_more,10000,0.27247407827836534,0.1536796798077802
new_more,10000,0.0370257,0.11144776173520789
new_more,10000,0.7796279369352916,0.1536796798077802
new_more,10000,0.0370257,0.11144776173520789
new_more,10000,0.48043831714150026,0.1536796798077802
new_more,10000,0.0370257,0.11144776173520789
new_more,10000,0.7254358354738252,0.1536796798077802
new_more,10000,0.0370257,0.11144776173520789
new_more,10000,0.2632284313688238,0.1536796798077802
new_more,10000,0.0370257,0.11144776173520789
new_more,10000,0.08470532759805026,0.1536796798077802
new_more,10000,0.03702570000000001,0.11144776173520789
new_more,10000,0.584058535195525,0.1536796798077802
new_more,10000,0.0370257,0.11144776173520789
new_more,10000,0.3440577123845328,0.1536796798077802
new_more,10000,0.0370257,0.11144776173520789
new_more,10000,0.6788206074505427,0.1536796798077802
new_more,10000,0.0370257,0.11144776173520789
new_more,10000,0.029646033999816256,0.1536796798077802
new_more,10000,0.0370257,0.11144776173520789
new_more,10000,0.5281392369296207,0.1536796798077802
new_more,10000,0.0370257,0.11144776173520789
new_more,10000,0.7290453049721379,0.1536796798077802
new_more,10000,0.0370257,0.11144776173520789
new_more,10000,0.29111950902527145,0.1536796798077802
new_more,10000,0.0370257,0.11144776173520789
new_more,10000,0.35171181004260577,0.1536796798077802
new_more,10000,0.0370257,0.11144776173520789
new_more,10000,0.6973091812713937,0.1536796798077802
new_more,10000,0.0370257,0.11144776173520789
new_more,10000,0.6552652265803811,0.1536796798077802
new_more,10000,0.0370257,0.11144776173520789
new_more,10000,0.7368233534275098,0.1536796798077802
new_more,10000,0.0370257,0.11144776173520789
new_more,10000,0.13966096808197964,0.1536796798077802
new_more,10000,0.0370257,0.11144776173520789
new_more,10000,0.6741223515457829,0.1536796798077802
new_more,10000,0.0370257,0.11144776173520789
new_more,10000,0.003571726315332716,0.1536796798077802
new_more,10000,0.0370257,0.11144776173520789
new_more,10000,0.6141501171471228,0.1536796798077802
new_more,10000,0.0370257,0.11144776173520789
new_more,10000,0.5531872769368532,0.1536796798077802
new_more,10000,0.0370257,0.11144776173520789
new_more,10000,0.05514140664981473,0.1536796798077802
new_more,10000,0.0370257,0.11144776173520789
new_more,10000,0.40758396991244883,0.1536796798077802
new_more,10000,0.0370257,0.11144776173520789
new_more,10000,0.18835237290676257,0.1536796798077802
new_more,10000,0.0370257,0.11144776173520789
new_more,10000,0.07700051535792816,0.1536796798077802
new_more,10000,0.0370257,0.11144776173520789
new_more,10000,0.32509118787855135,0.1536796798077802
new_more,10000,0.0370257,0.11144776173520789
new_more,10000,0.1459006587388081,0.1536796798077802
new_more,10000,0.0370257,0.11144776173520789
new_more,10000,0.18421620701093827,0.1536796798077802
new_more,10000,0.0370257,0.11144776173520789
new_more,10000,0.5565116841303143,0.1536796798077802
new_more,10000,0.0370257,0.11144776173520789
new_more,10000,0.6177397705496956,0.1536796798077802
new_more,10000,0.0370257,0.11144776173520789
new_more,10000,0.4237025800309284,0.1536796798077802
new_more,10000,0.0370257,0.11144776173520789
new_more,10000,0.75070434422102,0.1536796798077802
new_more,10000,0.0370257,0.11144776173520789
new_more,10000,0.009834918139016456,0.1536796798077802
new_more,10000,0.0370257,0.11144776173520789
new_more,10000,0.3802056080221245,0.1536796798077802
new_more,10000,0.0370257,0.11144776173520789
new_more,10000,0.6215254963360288,0.1536796798077802
new_more,10000,0.0370257,0.11144776173520789
new_more,10000,0.5440463367335547,0.1536796798077802
new_more,10000,0.0370257,0.11144776173520789
new_more,10000,0.4244460439711948,0.1536796798077802
new_more,10000,0.03702570000000001,0.11144776173520789
new_more,10000,0.5838380280502588,0.1536796798077802
new_more,10000,0.0370257,0.11144776173520789
new_more,10000,0.14453447945798006,0.1536796798077802
new_more,10000,0.0370257,0.11144776173520789
new_more,10000,0.5356465873598075,0.1536796798077802
new_more,10000,0.0370257,0.11144776173520789
new_more,10000,0.7602317116656861,0.1536796798077802
new_more,10000,0.0370257,0.11144776173520789
new_more,10000,0.688704937646712,0.1536796798077802
new_more,10000,0.0370257,0.11144776173520789
new_more,10000,0.3929116465530037,0.1536796798077802
new_more,10000,0.0370257,0.11144776173520789
new_more,10000,0.309004161076327,0.1536796798077802
new_more,10000,0.0370257,0.11144776173520789
new_more,10000,0.04688023860586957,0.1536796798077802
new_more,10000,0.0370257,0.11144776173520789
new_more,10000,0.5529356724533598,0.1536796798077802
new_more,10000,0.0370257,0.11144776173520789
new_more,10000,0.240072847508243,0.1536796798077802
new_more,10000,0.0370257,0.11144776173520789
new_more,10000,0.6153907509800972,0.1536796798077802
new_more,10000,0.0370257,0.11144776173520789
new_more,10000,0.5055852049254808,0.1536796798077802
new_more,10000,0.0370257,0.11144776173520789
new_more,10000,0.001941045882248281,0.1536796798077802
new_more,10000,0.0370257,0.11144776173520789
new_more,10000,0.042941860101080934,0.1536796798077802
new_more,10000,0.0370257,0.11144776173520789
new_more,10000,0.6444531412958526,0.1536796798077802
new_more,10000,0.0370257,0.11144776173520789
new_more,10000,0.30522208004760415,0.1536796798077802
new_more,10000,0.0370257,0.11144776173520789
new_more,10000,0.5985777316308828,0.1536796798077802
new_more,10000,0.0370257,0.11144776173520789
new_more,10000,0.1865409052310989,0.1536796798077802
new_more,10000,0.0370257,0.11144776173520789
new_more,10000,0.6478316986454911,0.1536796798077802
new_more,10000,0.0370257,0.11144776173520789
new_more,10000,0.47543588921947655,0.1536796798077802
new_more,10000,0.0370257,0.11144776173520789
new_more,10000,0.27132421845490656,0.1536796798077802
new_more,10000,0.0370257,0.11144776173520789
new_more,10000,0.45695037596039756,0.1536796798077802
new_more,10000,0.0370257,0.11144776173520789
new_more,10000,0.29015488933146794,0.1536796798077802
new_more,10000,0.0370257,0.11144776173520789
new_more,10000,0.7492422670854986,0.1536796798077802
new_more,10000,0.0370257,0.11144776173520789
new_more,10000,0.6515681806359086,0.1536796798077802
new_more,10000,0.0370257,0.11144776173520789
new_more,10000,0.21805668981216356,0.1536796798077802
new_more,10000,0.0370257,0.11144776173520789
new_more,10000,0.31170567138192684,0.1536796798077802
new_more,10000,0.0370257,0.11144776173520789
new_more,10000,0.20447982590246222,0.1536796798077802
new_more,10000,0.0370257,0.11144776173520789
new_more,10000,0.7317334495923412,0.1536796798077802
new_more,10000,0.0370257,0.11144776173520789
new_more,10000,0.726559683113229,0.1536796798077802
new_more,10000,0.0370257,0.11144776173520789
new_more,10000,0.08912993474036494,0.1536796798077802
new_more,10000,0.0370257,0.11144776173520789
new_more,10000,0.4581694526184265,0.1536796798077802
new_more,10000,0.0370257,0.11144776173520789
new_more,10000,0.05343024489620235,0.1536796798077802
new_more,10000,0.0370257,0.11144776173520789
new_more,10000,0.03896121737730686,0.1536796798077802
new_more,10000,0.0370257,0.11144776173520789
new_more,10000,0.13548220824389307,0.1536796798077802
new_more,10000,0.0370257,0.11144776173520789
new_more,10000,0.01791635503764058,0.1536796798077802
new_more,10000,0.0370257,0.11144776173520789
new_more,10000,0.01322982654378365,0.1536796798077802
new_more,10000,0.0370257,0.11144776173520789
new_more,10000,0.4748501348598854,0.1536796798077802
new_more,10000,0.0370257,0.11144776173520789
new_more,10000,0.34379572057178615,0.1536796798077802
new_more,10000,0.0370257,0.11144776173520789
new_more,10000,0.48538238300370096,0.1536796798077802
new_more,10000,0.0370257,0.11144776173520789
new_more,10000,0.20258486083630536,0.1536796798077802
new_more,10000,0.0370257,0.11144776173520789
new_more,10000,0.6867047692976237,0.1536796798077802
new_more,10000,0.0370257,0.11144776173520789
new_more,10000,0.7700136962853892,0.1536796798077802
new_more,10000,0.0370257,0.11144776173520789
new_more,10000,0.7899563,0.1536796798077802
new_more,10000,0.2339095633059899,0.16236531979064428
new_more,10000,0.0370257,0.11144776173520789
new_more,10000,0.7899563,0.1536796798077802
new_more,10000,0.22054890751316433,0.16236531979064428
new_more,10000,0.0370257,0.11144776173520789
new_more,10000,0.7899563,0.1536796798077802
new_more,10000,0.20131549180633254,0.16236531979064428
new_more,10000,0.0370257,0.11144776173520789
new_more,10000,0.7899563,0.1536796798077802
new_more,10000,0.06379179625611596,0.16236531979064428
new_more,10000,0.0370257,0.11144776173520789
new_more,10000,0.7899563,0.1536796798077802
new_more,10000,0.16161160271741917,0.16236531979064428
new_more,10000,0.0370257,0.11144776173520789
new_more,10000,0.7899563,0.1536796798077802
new_more,10000,0.11187311691015707,0.16236531979064428
new_more,10000,0.0370257,0.11144776173520789
new_more,10000,0.7899563,0.1536796798077802
new_more,10000,0.20380170238245846,0.16236531979064428
new_more,10000,0.0370257,0.11144776173520789
new_more,10000,0.7899563,0.1536796798077802
new_more,10000,0.347579361579295,0.16236531979064428
new_more,10000,0.0370257,0.11144776173520789
new_more,10000,0.7899563,0.1536796798077802
new_more,10000,0.25477623583623804,0.16236531979064428
new_more,10000,0.0370257,0.11144776173520789
new_more,10000,0.7899563,0.1536796798077802
new_more,10000,0.11861367108374149,0.16236531979064428
new_more,10000,0.0370257,0.11144776173520789
new_more,10000,0.7899563,0.1536796798077802
new_more,10000,0.2350304808439606,0.16236531979064428
new_more,10000,0.0370257,0.11144776173520789
new_more,10000,0.7899563,0.1536796798077802
new_more,10000,0.3348309355534775,0.16236531979064428
new_more,10000,0.0370257,0.11144776173520789
new_more,10000,0.7899563,0.1536796798077802
new_more,10000,0.09237736998518219,0.16236531979064428
new_more,10000,0.0370257,0.11144776173520789
new_more,10000,0.7899563,0.1536796798077802
new_more,10000,0.011532267667064649,0.16236531979064428
new_more,10000,0.0370257,0.11144776173520789
new_more,10000,0.7899563,0.1536796798077802
new_more,10000,0.6239150707309088,0.16236531979064428
new_more,10000,0.0370257,0.11144776173520789
new_more,10000,0.7899563,0.1536796798077802
new_more,10000,0.65627577892805,0.16236531979064428
new_more,10000,0.0370257,0.11144776173520789
new_more,10000,0.7899563000000001,0.1536796798077802
new_more,10000,0.5339398314401105,0.16236531979064428
new_more,10000,0.0370257,0.11144776173520789
new_more,10000,0.7899562999999998,0.1536796798077802
new_more,10000,0.24233316929978488,0.16236531979064428
new_more,10000,0.0370257,0.11144776173520789
new_more,10000,0.7899563,0.1536796798077802
new_more,10000,0.2746603927055693,0.16236531979064428
new_more,10000,0.0370257,0.11144776173520789
new_more,10000,0.7899563,0.1536796798077802
new_more,10000,0.07996552276414305,0.16236531979064428
new_more,10000,0.0370257,0.11144776173520789
new_more,10000,0.7899562999999998,0.1536796798077802
new_more,10000,0.46978322992611604,0.16236531979064428
new_more,10000,0.0370257,0.11144776173520789
new_more,10000,0.7899563,0.1536796798077802
new_more,10000,0.2322139426981771,0.16236531979064428
new_more,10000,0.0370257,0.11144776173520789
new_more,10000,0.7899563,0.1536796798077802
new_more,10000,0.4346333710817922,0.16236531979064428
new_more,10000,0.0370257,0.11144776173520789
new_more,10000,0.7899563,0.1536796798077802
new_more,10000,0.36516783448595747,0.16236531979064428
new_more,10000,0.0370257,0.11144776173520789
new_more,10000,0.7899563,0.1536796798077802
new_more,10000,0.5385084465758608,0.16236531979064428
new_more,10000,0.0370257,0.11144776173520789
new_more,10000,0.7899563,0.1536796798077802
new_more,10000,0.6809731863869931,0.16236531979064428
new_more,10000,0.0370257,0.11144776173520789
new_more,10000,0.7899563,0.1536796798077802
new_more,10000,0.3952221614390658,0.16236531979064428
new_more,10000,0.0370257,0.11144776173520789
new_more,10000,0.7899563,0.1536796798077802
new_more,10000,0.32021204111595786,0.16236531979064428
new_more,10000,0.0370257,0.11144776173520789
new_more,10000,0.7899563,0.1536796798077802
new_more,10000,0.5069827905849683,0.16236531979064428
new_more,10000,0.0370257,0.11144776173520789
new_more,10000,0.7899563,0.1536796798077802
new_more,10000,0.5855203967778965,0.16236531979064428
new_more,10000,0.0370257,0.11144776173520789
new_more,10000,0.7899563,0.1536796798077802
new_more,10000,0.6738189858049277,0.16236531979064428
new_more,10000,0.0370257,0.11144776173520789
new_more,10000,0.7899563,0.1536796798077802
new_more,10000,0.1450950127382497,0.16236531979064428
new_more,10000,0.0370257,0.11144776173520789
new_more,10000,0.7899563,0.1536796798077802
new_more,10000,0.40332311139066995,0.16236531979064428
new_more,10000,0.0370257,0.11144776173520789
new_more,10000,0.7899563,0.1536796798077802
new_more,10000,0.3798949932822228,0.16236531979064428
new_more,10000,0.0370257,0.11144776173520789
new_more,10000,0.7899563,0.1536796798077802
new_more,10000,0.48801807986517937,0.16236531979064428
new_more,10000,0.0370257,0.11144776173520789
new_more,10000,0.7899563,0.1536796798077802
new_more,10000,0.43239285536355954,0.16236531979064428
new_more,10000,0.0370257,0.11144776173520789
new_more,10000,0.7899563,0.1536796798077802
new_more,10000,0.1891629943997731,0.16236531979064428
new_more,10000,0.0370257,0.11144776173520789
new_more,10000,0.7899563,0.1536796798077802
new_more,10000,0.12934041649324957,0.16236531979064428
new_more,10000,0.0370257,0.11144776173520789
new_more,10000,0.7899563,0.1536796798077802
new_more,10000,0.020218352492401465,0.16236531979064428
new_more,10000,0.0370257,0.11144776173520789
new_more,10000,0.7899563,0.1536796798077802
new_more,10000,0.0018631936002219366,0.16236531979064428
new_more,10000,0.0370257,0.11144776173520789
new_more,10000,0.7899563,0.1536796798077802
new_more,10000,0.16233870878167878,0.16236531979064428
new_more,10000,0.0370257,0.11144776173520789
new_more,10000,0.7899563,0.1536796798077802
new_more,10000,0.2621619935731482,0.16236531979064428
new_more,10000,0.0370257,0.11144776173520789
new_more,10000,0.7899563,0.1536796798077802
new_more,10000,0.6283232152964554,0.16236531979064428
new_more,10000,0.0370257,0.11144776173520789
new_more,10000,0.7899563,0.1536796798077802
new_more,10000,0.6000497372627691,0.16236531979064428
new_more,10000,0.0370257,0.11144776173520789
new_more,10000,0.7899563,0.1536796798077802
new_more,10000,0.09725501295131149,0.16236531979064428
new_more,10000,0.0370257,0.11144776173520789
new_more,10000,0.7899563000000001,0.1536796798077802
new_more,10000,0.234977887535265,0.16236531979064428
new_more,10000,0.0370257,0.11144776173520789
new_more,10000,0.7899563,0.1536796798077802
new_more,10000,0.6443135515435726,0.16236531979064428
new_more,10000,0.0370257,0.11144776173520789
new_more,10000,0.7899563,0.1536796798077802
new_more,10000,0.5085316304870776,0.16236531979064428
new_more,10000,0.0370257,0.11144776173520789
new_more,10000,0.7899563,0.1536796798077802
new_more,10000,0.24679762913899186,0.16236531979064428
new_more,10000,0.037025699999999995,0.11144776173520789
new_more,10000,0.7899563,0.1536796798077802
new_more,10000,0.4721496256149494,0.16236531979064428
new_more,10000,0.0370257,0.11144776173520789
new_more,10000,0.7899563000000001,0.1536796798077802
new_more,10000,0.11549718199449684,0.16236531979064428
new_more,10000,0.0370257,0.11144776173520789
new_more,10000,0.7899563,0.1536796798077802
new_more,10000,0.12642526618176075,0.16236531979064428
new_more,10000,0.0370257,0.11144776173520789
new_more,10000,0.7899563,0.1536796798077802
new_more,10000,0.24414890393948915,0.16236531979064428
new_more,10000,0.0370257,0.11144776173520789
new_more,10000,0.7899563,0.1536796798077802
new_more,10000,0.6409192232837779,0.16236531979064428
new_more,10000,0.0370257,0.11144776173520789
new_more,10000,0.7899563,0.1536796798077802
new_more,10000,0.12849077308362034,0.16236531979064428
new_more,10000,0.0370257,0.11144776173520789
new_more,10000,0.7899563,0.1536796798077802
new_more,10000,0.49689669944596293,0.16236531979064428
new_more,10000,0.0370257,0.11144776173520789
new_more,10000,0.7899563,0.1536796798077802
new_more,10000,0.13731307470640314,0.16236531979064428
new_more,10000,0.0370257,0.11144776173520789
new_more,10000,0.7899563000000001,0.1536796798077802
new_more,10000,0.37085126870300184,0.16236531979064428
new_more,10000,0.0370257,0.11144776173520789
new_more,10000,0.7899563,0.1536796798077802
new_more,10000,0.21526455210492837,0.16236531979064428
new_more,10000,0.0370257,0.11144776173520789
new_more,10000,0.7899563,0.1536796798077802
new_more,10000,0.3967861909194205,0.16236531979064428
new_more,10000,0.0370257,0.11144776173520789
new_more,10000,0.7899563,0.1536796798077802
new_more,10000,0.24321168568422755,0.16236531979064428
new_more,10000,0.0370257,0.11144776173520789
new_more,10000,0.7899563,0.1536796798077802
new_more,10000,0.030431477224675447,0.16236531979064428
new_more,10000,0.0370257,0.11144776173520789
new_more,10000,0.7899563,0.1536796798077802
new_more,10000,0.208269520373638,0.16236531979064428
new_more,10000,0.0370257,0.11144776173520789
new_more,10000,0.7899563,0.1536796798077802
new_more,10000,0.62769945555727,0.16236531979064428
new_more,10000,0.0370257,0.11144776173520789
new_more,10000,0.7899563,0.1536796798077802
new_more,10000,0.4854291827113596,0.16236531979064428
new_more,10000,0.0370257,0.11144776173520789
new_more,10000,0.7899563,0.1536796798077802
new_more,10000,0.15593871923844993,0.16236531979064428
new_more,10000,0.0370257,0.11144776173520789
new_more,10000,0.7899563,0.1536796798077802
new_more,10000,0.04999485692808054,0.16236531979064428
new_more,10000,0.0370257,0.11144776173520789
new_more,10000,0.7899563,0.1536796798077802
new_more,10000,0.10290642148555446,0.16236531979064428
new_more,10000,0.0370257,0.11144776173520789
new_more,10000,0.7899563,0.1536796798077802
new_more,10000,0.30353646963589015,0.16236531979064428
new_more,10000,0.0370257,0.11144776173520789
new_more,10000,0.7899563,0.1536796798077802
new_more,10000,0.40909197910179246,0.16236531979064428
new_more,10000,0.0370257,0.11144776173520789
new_more,10000,0.7899563,0.1536796798077802
new_more,10000,0.06349851426630813,0.16236531979064428
new_more,10000,0.0370257,0.11144776173520789
new_more,10000,0.7899563,0.1536796798077802
new_more,10000,0.5068888972088866,0.16236531979064428
new_more,10000,0.0370257,0.11144776173520789
new_more,10000,0.7899563,0.1536796798077802
new_more,10000,0.5731150650622889,0.16236531979064428
new_more,10000,0.0370257,0.11144776173520789
new_more,10000,0.7899563,0.1536796798077802
new_more,10000,0.19773858017210696,0.16236531979064428
new_more,10000,0.0370257,0.11144776173520789
new_more,10000,0.7899563,0.1536796798077802
new_more,10000,0.32709697669845317,0.16236531979064428
new_more,10000,0.0370257,0.11144776173520789
new_more,10000,0.7899563000000001,0.1536796798077802
new_more,10000,0.3660881849782992,0.16236531979064428
new_more,10000,0.0370257,0.11144776173520789
new_more,10000,0.7899563,0.1536796798077802
new_more,10000,0.516373329162418,0.16236531979064428
new_more,10000,0.0370257,0.11144776173520789
new_more,10000,0.7899563,0.1536796798077802
new_more,10000,0.0703168644309609,0.16236531979064428
new_more,10000,0.0370257,0.11144776173520789
new_more,10000,0.7899563,0.1536796798077802
new_more,10000,0.611248028396937,0.16236531979064428
new_more,10000,0.0370257,0.11144776173520789
new_more,10000,0.7899563,0.1536796798077802
new_more,10000,0.6446174128423198,0.16236531979064428
new_more,10000,0.0370257,0.11144776173520789
new_more,10000,0.7899563,0.1536796798077802
new_more,10000,0.04015706452284499,0.16236531979064428
new_more,10000,0.0370257,0.11144776173520789
new_more,10000,0.7899563,0.1536796798077802
new_more,10000,0.09444552556979292,0.16236531979064428
new_more,10000,0.0370257,0.11144776173520789
new_more,10000,0.7899563,0.1536796798077802
new_more,10000,0.10160754099579819,0.16236531979064428
new_more,10000,0.0370257,0.11144776173520789
new_more,10000,0.7899563,0.1536796798077802
new_more,10000,0.2989402310504812,0.16236531979064428
new_more,10000,0.0370257,0.11144776173520789
new_more,10000,0.7899563,0.1536796798077802
new_more,10000,0.15315624456315577,0.16236531979064428
new_more,10000,0.0370257,0.11144776173520789
new_more,10000,0.7899563,0.1536796798077802
new_more,10000,0.1418662737287891,0.16236531979064428
new_more,10000,0.0370257,0.11144776173520789
new_more,10000,0.7899563,0.1536796798077802
new_more,10000,0.20038621001904294,0.16236531979064428
new_more,10000,0.0370257,0.11144776173520789
new_more,10000,0.7899563,0.1536796798077802
new_more,10000,0.4516685509088711,0.16236531979064428
new_more,10000,0.0370257,0.11144776173520789
new_more,10000,0.7899563,0.1536796798077802
new_more,10000,0.45869500994357265,0.16236531979064428
new_more,10000,0.0370257,0.11144776173520789
new_more,10000,0.7899563,0.1536796798077802
new_more,10000,0.5556445529458199,0.16236531979064428
new_more,10000,0.0370257,0.11144776173520789
new_more,10000,0.7899563,0.1536796798077802
new_more,10000,0.6822463131445968,0.16236531979064428
new_more,10000,0.0370257,0.11144776173520789
new_more,10000,0.7899563,0.1536796798077802
new_more,10000,0.1261230877883912,0.16236531979064428
new_more,10000,0.0370257,0.11144776173520789
new_more,10000,0.7899563,0.1536796798077802
new_more,10000,0.5132608144001276,0.16236531979064428
new_more,10000,0.0370257,0.11144776173520789
new_more,10000,0.7899563,0.1536796798077802
new_more,10000,0.19381237294578432,0.16236531979064428
new_more,10000,0.0370257,0.11144776173520789
new_more,10000,0.7899563,0.1536796798077802
new_more,10000,0.1632297910609424,0.16236531979064428
new_more,10000,0.0370257,0.11144776173520789
new_more,10000,0.7899563,0.1536796798077802
new_more,10000,0.10415892256557904,0.16236531979064428
new_more,10000,0.0370257,0.11144776173520789
new_more,10000,0.7899563,0.1536796798077802
new_more,10000,0.2498493634945796,0.16236531979064428
new_more,10000,0.0370257,0.11144776173520789
new_more,10000,0.7899563,0.1536796798077802
new_more,10000,0.04051697030916504,0.16236531979064428
new_more,10000,0.0370257,0.11144776173520789
new_more,10000,0.7899563,0.1536796798077802
new_more,10000,0.4412946348393772,0.16236531979064428
new_more,10000,0.0370257,0.11144776173520789
new_more,10000,0.7899563,0.1536796798077802
new_more,10000,0.6289812602190119,0.16236531979064428
new_more,10000,0.03702570000000001,0.11144776173520789
new_more,10000,0.7899563,0.1536796798077802
new_more,10000,0.12541452575137318,0.16236531979064428
new_more,10000,0.0370257,0.11144776173520789
new_more,10000,0.7899563,0.1536796798077802
new_more,10000,0.4632612189605437,0.16236531979064428
new_more,10000,0.0370257,0.11144776173520789
new_more,10000,0.7899563,0.1536796798077802
new_more,10000,0.2779896586235368,0.16236531979064428
new_more,10000,0.0370257,0.11144776173520789
new_more,10000,0.7899563,0.1536796798077802
new_more,10000,0.5314206041805002,0.16236531979064428
new_more,10000,0.0370257,0.11144776173520789
new_more,10000,0.7899563,0.1536796798077802
new_more,10000,0.30710586750793034,0.16236531979064428
new_more,10000,0.0370257,0.11144776173520789
new_more,10000,0.7899563,0.1536796798077802
new_more,10000,0.1313445228383141,0.16236531979064428
new_more,10000,0.0370257,0.11144776173520789
new_more,10000,0.7899563,0.1536796798077802
new_more,10000,0.04909083882958128,0.16236531979064428
new_more,10000,0.0370257,0.11144776173520789
new_more,10000,0.7899563,0.1536796798077802
new_more,10000,0.29765563706188874,0.16236531979064428
new_more,10000,0.0370257,0.11144776173520789
new_more,10000,0.7899562999999998,0.1536796798077802
new_more,10000,0.062078300342185096,0.16236531979064428
new_more,10000,0.0370257,0.11144776173520789
new_more,10000,0.7899563000000001,0.1536796798077802
new_more,10000,0.33179804057719414,0.16236531979064428
new_more,10000,0.0370257,0.11144776173520789
new_more,10000,0.7899563,0.1536796798077802
new_more,10000,0.683938,0.16236531979064428
new_more,10000,0.6134691798122286,0.17262912000001066
new_more,10000,0.0370257,0.11144776173520789
new_more,10000,0.7899563,0.1536796798077802
new_more,10000,0.683938,0.16236531979064428
new_more,10000,0.5826622883478223,0.17262912000001066
new_more,10000,0.0370257,0.11144776173520789
new_more,10000,0.7899563,0.1536796798077802
new_more,10000,0.683938,0.16236531979064428
new_more,10000,0.08109391894382431,0.17262912000001066
new_more,10000,0.0370257,0.11144776173520789
new_more,10000,0.7899563,0.1536796798077802
new_more,10000,0.683938,0.16236531979064428
new_more,10000,0.24750885355683028,0.17262912000001066
new_more,10000,0.0370257,0.11144776173520789
new_more,10000,0.7899563,0.1536796798077802
new_more,10000,0.683938,0.16236531979064428
new_more,10000,0.3907439050466405,0.17262912000001066
new_more,10000,0.0370257,0.11144776173520789
new_more,10000,0.7899563,0.1536796798077802
new_more,10000,0.683938,0.16236531979064428
new_more,10000,0.2965972023042947,0.17262912000001066
new_more,10000,0.037025699999999995,0.11144776173520789
new_more,10000,0.7899563,0.1536796798077802
new_more,10000,0.683938,0.16236531979064428
new_more,10000,0.26267269783325564,0.17262912000001066
new_more,10000,0.0370257,0.11144776173520789
new_more,10000,0.7899563,0.1536796798077802
new_more,10000,0.6839380000000002,0.16236531979064428
new_more,10000,0.30248337912327306,0.17262912000001066
new_more,10000,0.0370257,0.11144776173520789
new_more,10000,0.7899563000000001,0.1536796798077802
new_more,10000,0.683938,0.16236531979064428
new_more,10000,0.20610232784301016,0.17262912000001066
new_more,10000,0.0370257,0.11144776173520789
new_more,10000,0.7899563,0.1536796798077802
new_more,10000,0.683938,0.16236531979064428
new_more,10000,0.059995924387927176,0.17262912000001066
new_more,10000,0.0370257,0.11144776173520789
new_more,10000,0.7899563,0.1536796798077802
new_more,10000,0.683938,0.16236531979064428
new_more,10000,0.16048866523551114,0.17262912000001066
new_more,10000,0.0370257,0.11144776173520789
new_more,10000,0.7899563,0.1536796798077802
new_more,10000,0.6839380000000002,0.16236531979064428
new_more,10000,0.4351712297707243,0.17262912000001066
new_more,10000,0.0370257,0.11144776173520789
new_more,10000,0.7899563,0.1536796798077802
new_more,10000,0.683938,0.16236531979064428
new_more,10000,0.3606402960673776,0.17262912000001066
new_more,10000,0.0370257,0.11144776173520789
new_more,10000,0.7899563,0.1536796798077802
new_more,10000,0.683938,0.16236531979064428
new_more,10000,0.7149755465003469,0.17262912000001066
new_more,10000,0.0370257,0.11144776173520789
new_more,10000,0.7899563,0.1536796798077802
new_more,10000,0.683938,0.16236531979064428
new_more,10000,0.39253417865474277,0.17262912000001066
new_more,10000,0.0370257,0.11144776173520789
new_more,10000,0.7899563000000001,0.1536796798077802
new_more,10000,0.683938,0.16236531979064428
new_more,10000,0.10182076545810637,0.17262912000001066
new_more,10000,0.0370257,0.11144776173520789
new_more,10000,0.7899563,0.1536796798077802
new_more,10000,0.6839379999999999,0.16236531979064428
new_more,10000,0.5405622848474775,0.17262912000001066
new_more,10000,0.0370257,0.11144776173520789
new_more,10000,0.7899563,0.1536796798077802
new_more,10000,0.683938,0.16236531979064428
new_more,10000,0.14506236308280698,0.17262912000001066
new_more,10000,0.0370257,0.11144776173520789
new_more,10000,0.7899563,0.1536796798077802
new_more,10000,0.683938,0.16236531979064428
new_more,10000,0.49115594664357926,0.17262912000001066
new_more,10000,0.0370257,0.11144776173520789
new_more,10000,0.7899563,0.1536796798077802
new_more,10000,0.683938,0.16236531979064428
new_more,10000,0.026400702569076086,0.17262912000001066
new_more,10000,0.0370257,0.11144776173520789
new_more,10000,0.7899563000000001,0.1536796798077802
new_more,10000,0.683938,0.16236531979064428
new_more,10000,0.3034239268374001,0.17262912000001066
new_more,10000,0.0370257,0.11144776173520789
new_more,10000,0.7899563,0.1536796798077802
new_more,10000,0.683938,0.16236531979064428
new_more,10000,0.2747643521874675,0.17262912000001066
new_more,10000,0.0370257,0.11144776173520789
new_more,10000,0.7899563,0.1536796798077802
new_more,10000,0.683938,0.16236531979064428
new_more,10000,0.3778421769152705,0.17262912000001066
new_more,10000,0.0370257,0.11144776173520789
new_more,10000,0.7899563,0.1536796798077802
new_more,10000,0.683938,0.16236531979064428
new_more,10000,0.43358913231290636,0.17262912000001066
new_more,10000,0.0370257,0.11144776173520789
new_more,10000,0.7899563,0.1536796798077802
new_more,10000,0.683938,0.16236531979064428
new_more,10000,0.19554475615163644,0.17262912000001066
new_more,10000,0.0370257,0.11144776173520789
new_more,10000,0.7899562999999998,0.1536796798077802
new_more,10000,0.6839380000000002,0.16236531979064428
new_more,10000,0.4347674185913906,0.17262912000001066
new_more,10000,0.0370257,0.11144776173520789
new_more,10000,0.7899563,0.1536796798077802
new_more,10000,0.683938,0.16236531979064428
new_more,10000,0.11661830546854003,0.17262912000001066
new_more,10000,0.0370257,0.11144776173520789
new_more,10000,0.7899563,0.1536796798077802
new_more,10000,0.683938,0.16236531979064428
new_more,10000,0.08937385416528303,0.17262912000001066
new_more,10000,0.0370257,0.11144776173520789
new_more,10000,0.7899563,0.1536796798077802
new_more,10000,0.683938,0.16236531979064428
new_more,10000,0.14961058335300068,0.17262912000001066
new_more,10000,0.0370257,0.11144776173520789
new_more,10000,0.7899563,0.1536796798077802
new_more,10000,0.683938,0.16236531979064428
new_more,10000,0.3150511186155858,0.17262912000001066
new_more,10000,0.0370257,0.11144776173520789
new_more,10000,0.7899563,0.1536796798077802
new_more,10000,0.683938,0.16236531979064428
new_more,10000,0.09379117885199882,0.17262912000001066
new_more,10000,0.0370257,0.11144776173520789
new_more,10000,0.7899562999999998,0.1536796798077802
new_more,10000,0.683938,0.16236531979064428
new_more,10000,0.27371506179879107,0.17262912000001066
new_more,10000,0.0370257,0.11144776173520789
new_more,10000,0.7899563,0.1536796798077802
new_more,10000,0.683938,0.16236531979064428
new_more,10000,0.6628745986025494,0.17262912000001066
new_more,10000,0.0370257,0.11144776173520789
new_more,10000,0.7899562999999998,0.1536796798077802
new_more,10000,0.683938,0.16236531979064428
new_more,10000,0.4936151268659749,0.17262912000001066
new_more,10000,0.0370257,0.11144776173520789
new_more,10000,0.7899563,0.1536796798077802
new_more,10000,0.683938,0.16236531979064428
new_more,10000,0.08695402953459602,0.17262912000001066
new_more,10000,0.0370257,0.11144776173520789
new_more,10000,0.7899563,0.1536796798077802
new_more,10000,0.683938,0.16236531979064428
new_more,10000,0.04077546350631744,0.17262912000001066
new_more,10000,0.0370257,0.11144776173520789
new_more,10000,0.7899563,0.1536796798077802
new_more,10000,0.683938,0.16236531979064428
new_more,10000,0.20602074379251192,0.17262912000001066
new_more,10000,0.0370257,0.11144776173520789
new_more,10000,0.7899563,0.1536796798077802
new_more,10000,0.683938,0.16236531979064428
new_more,10000,0.17868175724865706,0.17262912000001066
new_more,10000,0.0370257,0.11144776173520789
new_more,10000,0.7899562999999998,0.1536796798077802
new_more,10000,0.683938,0.16236531979064428
new_more,10000,0.5480158862560394,0.17262912000001066
new_more,10000,0.0370257,0.11144776173520789
new_more,10000,0.7899563000000001,0.1536796798077802
new_more,10000,0.683938,0.16236531979064428
new_more,10000,0.49725150781260413,0.17262912000001066
new_more,10000,0.0370257,0.11144776173520789
new_more,10000,0.7899563,0.1536796798077802
new_more,10000,0.683938,0.16236531979064428
new_more,10000,0.7584764082585558,0.17262912000001066
new_more,10000,0.0370257,0.11144776173520789
new_more,10000,0.7899562999999998,0.1536796798077802
new_more,10000,0.683938,0.16236531979064428
new_more,10000,0.3885663934353026,0.17262912000001066
new_more,10000,0.0370257,0.11144776173520789
new_more,10000,0.7899563,0.1536796798077802
new_more,10000,0.683938,0.16236531979064428
new_more,10000,0.016389194133022034,0.17262912000001066
new_more,10000,0.0370257,0.11144776173520789
new_more,10000,0.7899563,0.1536796798077802
new_more,10000,0.683938,0.16236531979064428
new_more,10000,0.48404480247653886,0.17262912000001066
new_more,10000,0.0370257,0.11144776173520789
new_more,10000,0.7899563,0.1536796798077802
new_more,10000,0.683938,0.16236531979064428
new_more,10000,0.12785300105117578,0.17262912000001066
new_more,10000,0.0370257,0.11144776173520789
new_more,10000,0.7899563,0.1536796798077802
new_more,10000,0.683938,0.16236531979064428
new_more,10000,0.7466970841348101,0.17262912000001066
new_more,10000,0.0370257,0.11144776173520789
new_more,10000,0.7899563,0.1536796798077802
new_more,10000,0.683938,0.16236531979064428
new_more,10000,0.39583346029568833,0.17262912000001066
new_more,10000,0.0370257,0.11144776173520789
new_more,10000,0.7899563,0.1536796798077802
new_more,10000,0.683938,0.16236531979064428
new_more,10000,0.03021082603584172,0.17262912000001066
new_more,10000,0.0370257,0.11144776173520789
new_more,10000,0.7899562999999998,0.1536796798077802
new_more,10000,0.683938,0.16236531979064428
new_more,10000,0.4110178241259679,0.17262912000001066
new_more,10000,0.0370257,0.11144776173520789
new_more,10000,0.7899563,0.1536796798077802
new_more,10000,0.683938,0.16236531979064428
new_more,10000,0.6771012454228676,0.17262912000001066
new_more,10000,0.0370257,0.11144776173520789
new_more,10000,0.7899563,0.1536796798077802
new_more,10000,0.683938,0.16236531979064428
new_more,10000,0.062355105914508276,0.17262912000001066
new_more,10000,0.0370257,0.11144776173520789
new_more,10000,0.7899563,0.1536796798077802
new_more,10000,0.683938,0.16236531979064428
new_more,10000,0.010398091967451022,0.17262912000001066
new_more,10000,0.0370257,0.11144776173520789
new_more,10000,0.7899563,0.1536796798077802
new_more,10000,0.683938,0.16236531979064428
new_more,10000,0.7203172613390302,0.17262912000001066
new_more,10000,0.0370257,0.11144776173520789
new_more,10000,0.7899563,0.1536796798077802
new_more,10000,0.683938,0.16236531979064428
new_more,10000,0.10670365156796177,0.17262912000001066
new_more,10000,0.0370257,0.11144776173520789
new_more,10000,0.7899563,0.1536796798077802
new_more,10000,0.683938,0.16236531979064428
new_more,10000,0.24813583540818354,0.17262912000001066
new_more,10000,0.0370257,0.11144776173520789
new_more,10000,0.7899563,0.1536796798077802
new_more,10000,0.6839380000000002,0.16236531979064428
new_more,10000,0.01557054412095211,0.17262912000001066
new_more,10000,0.0370257,0.11144776173520789
new_more,10000,0.7899563,0.1536796798077802
new_more,10000,0.683938,0.16236531979064428
new_more,10000,0.4068686365554898,0.17262912000001066
new_more,10000,0.0370257,0.11144776173520789
new_more,10000,0.7899563,0.1536796798077802
new_more,10000,0.683938,0.16236531979064428
new_more,10000,0.7823199999999999,0.17262912000001066
new_more,10000,0.29438811590600505,0.18425954999999994
new_more,10000,0.0370257,0.11144776173520789
new_more,10000,0.7899563,0.1536796798077802
new_more,10000,0.683938,0.16236531979064428
new_more,10000,0.7823199999999999,0.17262912000001066
new_more,10000,0.3785974279248569,0.18425954999999994
new_more,10000,0.0370257,0.11144776173520789
new_more,10000,0.7899563,0.1536796798077802
new_more,10000,0.683938,0.16236531979064428
new_more,10000,0.7823199999999999,0.17262912000001066
new_more,10000,0.805357223735087,0.18425954999999994
new_more,10000,0.0370257,0.11144776173520789
new_more,10000,0.7899563,0.1536796798077802
new_more,10000,0.683938,0.16236531979064428
new_more,10000,0.78232,0.17262912000001066
new_more,10000,0.48184946071814644,0.18425954999999994
new_more,10000,0.0370257,0.11144776173520789
new_more,10000,0.7899563000000001,0.1536796798077802
new_more,10000,0.683938,0.16236531979064428
new_more,10000,0.7823199999999999,0.17262912000001066
new_more,10000,0.8381819220775224,0.18425954999999994
new_more,10000,0.0370257,0.11144776173520789
new_more,10000,0.7899563,0.1536796798077802
new_more,10000,0.683938,0.16236531979064428
new_more,10000,0.7823199999999999,0.17262912000001066
new_more,10000,0.6111441423164788,0.18425954999999994
new_more,10000,0.0370257,0.11144776173520789
new_more,10000,0.7899563000000001,0.1536796798077802
new_more,10000,0.683938,0.16236531979064428
new_more,10000,0.7823199999999999,0.17262912000001066
new_more,10000,0.42517458361679045,0.18425954999999994
new_more,10000,0.0370257,0.11144776173520789
new_more,10000,0.7899563,0.1536796798077802
new_more,10000,0.683938,0.16236531979064428
new_more,10000,0.7823199999999999,0.17262912000001066
new_more,10000,0.8447035038953573,0.18425954999999994
new_more,10000,0.0370257,0.11144776173520789
new_more,10000,0.7899563,0.1536796798077802
new_more,10000,0.683938,0.16236531979064428
new_more,10000,0.7823199999999999,0.17262912000001066
new_more,10000,0.2634778897821086,0.18425954999999994
new_more,10000,0.0370257,0.11144776173520789
new_more,10000,0.7899563,0.1536796798077802
new_more,10000,0.683938,0.16236531979064428
new_more,10000,0.78232,0.17262912000001066
new_more,10000,0.686781316526571,0.18425954999999994
new_more,10000,0.0370257,0.11144776173520789
new_more,10000,0.7899563,0.1536796798077802
new_more,10000,0.683938,0.16236531979064428
new_more,10000,0.7823199999999999,0.17262912000001066
new_more,10000,0.34649850631882545,0.18425954999999994
new_more,10000,0.0370257,0.11144776173520789
new_more,10000,0.7899563000000001,0.1536796798077802
new_more,10000,0.683938,0.16236531979064428
new_more,10000,0.7823199999999999,0.17262912000001066
new_more,10000,0.4660306230020391,0.18425954999999994
new_more,10000,0.0370257,0.11144776173520789
new_more,10000,0.7899563,0.1536796798077802
new_more,10000,0.683938,0.16236531979064428
new_more,10000,0.7823199999999999,0.17262912000001066
new_more,10000,0.10899811893563781,0.18425954999999994
new_more,10000,0.0370257,0.11144776173520789
new_more,10000,0.7899563,0.1536796798077802
new_more,10000,0.683938,0.16236531979064428
new_more,10000,0.7823199999999999,0.17262912000001066
new_more,10000,0.42638861699721203,0.18425954999999994
new_more,10000,0.0370257,0.11144776173520789
new_more,10000,0.7899563000000001,0.1536796798077802
new_more,10000,0.683938,0.16236531979064428
new_more,10000,0.7823199999999999,0.17262912000001066
new_more,10000,0.04348429229141195,0.18425954999999994
new_more,10000,0.0370257,0.11144776173520789
new_more,10000,0.7899563,0.1536796798077802
new_more,10000,0.683938,0.16236531979064428
new_more,10000,0.7823199999999999,0.17262912000001066
new_more,10000,0.6033813087376934,0.18425954999999994
new_more,10000,0.0370257,0.11144776173520789
new_more,10000,0.7899563,0.1536796798077802
new_more,10000,0.683938,0.16236531979064428
new_more,10000,0.7823199999999998,0.17262912000001066
new_more,10000,0.09723988071817674,0.18425954999999994
new_more,10000,0.0370257,0.11144776173520789
new_more,10000,0.7899563,0.1536796798077802
new_more,10000,0.683938,0.16236531979064428
new_more,10000,0.7823199999999999,0.17262912000001066
new_more,10000,0.8039558018984948,0.18425954999999994
new_more,10000,0.0370257,0.11144776173520789
new_more,10000,0.7899563,0.1536796798077802
new_more,10000,0.6839380000000002,0.16236531979064428
new_more,10000,0.7823199999999999,0.17262912000001066
new_more,10000,0.6362601822797415,0.18425954999999994
new_more,10000,0.0370257,0.11144776173520789
new_more,10000,0.7899563,0.1536796798077802
new_more,10000,0.683938,0.16236531979064428
new_more,10000,0.7823199999999999,0.17262912000001066
new_more,10000,0.13683690743859095,0.18425954999999994
new_more,10000,0.0370257,0.11144776173520789
new_more,10000,0.7899563,0.1536796798077802
new_more,10000,0.683938,0.16236531979064428
new_more,10000,0.7823199999999999,0.17262912000001066
new_more,10000,0.827211447955257,0.18425954999999994
new_more,10000,0.0370257,0.11144776173520789
new_more,10000,0.7899563,0.1536796798077802
new_more,10000,0.683938,0.16236531979064428
new_more,10000,0.78232,0.17262912000001066
new_more,10000,0.10621751338776993,0.18425954999999994
new_more,10000,0.0370257,0.11144776173520789
new_more,10000,0.7899563,0.1536796798077802
new_more,10000,0.683938,0.16236531979064428
new_more,10000,0.7823199999999999,0.17262912000001066
new_more,10000,0.592468134085778,0.18425954999999994
new_more,10000,0.0370257,0.11144776173520789
new_more,10000,0.7899563,0.1536796798077802
new_more,10000,0.683938,0.16236531979064428
new_more,10000,0.7823199999999999,0.17262912000001066
new_more,10000,0.7092927387730399,0.18425954999999994
new_more,10000,0.0370257,0.11144776173520789
new_more,10000,0.7899563,0.1536796798077802
new_more,10000,0.683938,0.16236531979064428
new_more,10000,0.7823199999999999,0.17262912000001066
new_more,10000,0.36614523356433326,0.18425954999999994
new_more,10000,0.0370257,0.11144776173520789
new_more,10000,0.7899563,0.1536796798077802
new_more,10000,0.683938,0.16236531979064428
new_more,10000,0.7823199999999999,0.17262912000001066
new_more,10000,0.5683812351275543,0.18425954999999994
new_more,10000,0.0370257,0.11144776173520789
new_more,10000,0.7899563,0.1536796798077802
new_more,10000,0.683938,0.16236531979064428
new_more,10000,0.7823199999999999,0.17262912000001066
new_more,10000,0.2472286816403273,0.18425954999999994
new_more,10000,0.0370257,0.11144776173520789
new_more,10000,0.7899563,0.1536796798077802
new_more,10000,0.683938,0.16236531979064428
new_more,10000,0.7823199999999999,0.17262912000001066
new_more,10000,0.5864082466135617,0.18425954999999994
new_more,10000,0.0370257,0.11144776173520789
new_more,10000,0.7899563,0.1536796798077802
new_more,10000,0.683938,0.16236531979064428
new_more,10000,0.7823199999999999,0.17262912000001066
new_more,10000,0.16025182084742853,0.18425954999999994
new_more,10000,0.0370257,0.11144776173520789
new_more,10000,0.7899563,0.1536796798077802
new_more,10000,0.683938,0.16236531979064428
new_more,10000,0.7823199999999999,0.17262912000001066
new_more,10000,0.23473446921970983,0.18425954999999994
new_more,10000,0.0370257,0.11144776173520789
new_more,10000,0.7899563,0.1536796798077802
new_more,10000,0.683938,0.16236531979064428
new_more,10000,0.7823199999999999,0.17262912000001066
new_more,10000,0.6224268765999206,0.18425954999999994
new_more,10000,0.0370257,0.11144776173520789
new_more,10000,0.7899563,0.1536796798077802
new_more,10000,0.683938,0.16236531979064428
new_more,10000,0.7823199999999999,0.17262912000001066
new_more,10000,0.12973260776516712,0.18425954999999994
new_more,10000,0.0370257,0.11144776173520789
new_more,10000,0.7899563,0.1536796798077802
new_more,10000,0.683938,0.16236531979064428
new_more,10000,0.7823199999999999,0.17262912000001066
new_more,10000,0.4908514124907481,0.18425954999999994
new_more,10000,0.0370257,0.11144776173520789
new_more,10000,0.7899563,0.1536796798077802
new_more,10000,0.683938,0.16236531979064428
new_more,10000,0.7823199999999999,0.17262912000001066
new_more,10000,0.5829885669117996,0.18425954999999994
new_more,10000,0.0370257,0.11144776173520789
new_more,10000,0.7899563,0.1536796798077802
new_more,10000,0.683938,0.16236531979064428
new_more,10000,0.7823199999999999,0.17262912000001066
new_more,10000,0.46178786161069035,0.18425954999999994
new_more,10000,0.0370257,0.11144776173520789
new_more,10000,0.7899562999999998,0.1536796798077802
new_more,10000,0.683938,0.16236531979064428
new_more,10000,0.7823199999999999,0.17262912000001066
new_more,10000,0.7453859722195468,0.18425954999999994
new_more,10000,0.0370257,0.11144776173520789
new_more,10000,0.7899563,0.1536796798077802
new_more,10000,0.683938,0.16236531979064428
new_more,10000,0.78232,0.17262912000001066
new_more,10000,0.44549336347175156,0.18425954999999994
new_more,10000,0.0370257,0.11144776173520789
new_more,10000,0.7899563,0.1536796798077802
new_more,10000,0.683938,0.16236531979064428
new_more,10000,0.7823199999999999,0.17262912000001066
new_more,10000,0.32001381483543495,0.18425954999999994
new_more,10000,0.0370257,0.11144776173520789
new_more,10000,0.7899563,0.1536796798077802
new_more,10000,0.683938,0.16236531979064428
new_more,10000,0.7823199999999999,0.17262912000001066
new_more,10000,0.5036126833364117,0.18425954999999994
new_more,10000,0.0370257,0.11144776173520789
new_more,10000,0.7899563,0.1536796798077802
new_more,10000,0.683938,0.16236531979064428
new_more,10000,0.7823199999999999,0.17262912000001066
new_more,10000,0.6752518016699859,0.18425954999999994
new_more,10000,0.0370257,0.11144776173520789
new_more,10000,0.7899563,0.1536796798077802
new_more,10000,0.683938,0.16236531979064428
new_more,10000,0.7823199999999999,0.17262912000001066
new_more,10000,0.7872068144253238,0.18425954999999994
new_more,10000,0.0370257,0.11144776173520789
new_more,10000,0.7899563,0.1536796798077802
new_more,10000,0.683938,0.16236531979064428
new_more,10000,0.7823199999999999,0.17262912000001066
new_more,10000,0.7461008109308611,0.18425954999999994
new_more,10000,0.0370257,0.11144776173520789
new_more,10000,0.7899563,0.1536796798077802
new_more,10000,0.683938,0.16236531979064428
new_more,10000,0.7823199999999999,0.17262912000001066
new_more,10000,0.4208158322511839,0.18425954999999994
new_more,10000,0.0370257,0.11144776173520789
new_more,10000,0.7899563,0.1536796798077802
new_more,10000,0.683938,0.16236531979064428
new_more,10000,0.7823199999999999,0.17262912000001066
new_more,10000,0.04462025223663901,0.18425954999999994
new_more,10000,0.0370257,0.11144776173520789
new_more,10000,0.7899563,0.1536796798077802
new_more,10000,0.683938,0.16236531979064428
new_more,10000,0.7823199999999999,0.17262912000001066
new_more,10000,0.7295591375110639,0.18425954999999994
new_more,10000,0.0370257,0.11144776173520789
new_more,10000,0.7899563,0.1536796798077802
new_more,10000,0.683938,0.16236531979064428
new_more,10000,0.78232,0.17262912000001066
new_more,10000,0.6262242076360823,0.18425954999999994
new_more,10000,0.0370257,0.11144776173520789
new_more,10000,0.7899563,0.1536796798077802
new_more,10000,0.683938,0.16236531979064428
new_more,10000,0.7823199999999999,0.17262912000001066
new_more,10000,0.6045750176220335,0.18425954999999994
new_more,10000,0.0370257,0.11144776173520789
new_more,10000,0.7899563,0.1536796798077802
new_more,10000,0.683938,0.16236531979064428
new_more,10000,0.7823199999999998,0.17262912000001066
new_more,10000,0.681768507072711,0.18425954999999994
new_more,10000,0.0370257,0.11144776173520789
new_more,10000,0.7899563,0.1536796798077802
new_more,10000,0.6839380000000002,0.16236531979064428
new_more,10000,0.7823199999999999,0.17262912000001066
new_more,10000,0.8791700000000002,0.18425954999999994
new_more,10000,2.5470639530887498,0.19620686999999992
new_more,10000,0.0370257,0.11144776173520789
new_more,10000,0.7899563,0.1536796798077802
new_more,10000,0.683938,0.16236531979064428
new_more,10000,0.7823199999999999,0.17262912000001066
new_more,10000,0.8791700000000002,0.18425954999999994
new_more,10000,3.622535787707751,0.19620686999999992
new_more,10000,0.0370257,0.11144776173520789
new_more,10000,0.7899563,0.1536796798077802
new_more,10000,0.683938,0.16236531979064428
new_more,10000,0.7823199999999999,0.17262912000001066
new_more,10000,0.8791700000000002,0.18425954999999994
new_more,10000,0.5783703351417995,0.19620686999999992
new_more,10000,0.0370257,0.11144776173520789
new_more,10000,0.7899563,0.1536796798077802
new_more,10000,0.683938,0.16236531979064428
new_more,10000,0.7823199999999999,0.17262912000001066
new_more,10000,0.8791700000000002,0.18425954999999994
new_more,10000,0.266431941799881,0.19620686999999992
new_more,10000,0.0370257,0.11144776173520789
new_more,10000,0.7899563,0.1536796798077802
new_more,10000,0.683938,0.16236531979064428
new_more,10000,0.78232,0.17262912000001066
new_more,10000,0.8791700000000003,0.18425954999999994
new_more,10000,0.08515366174480195,0.19620686999999992
new_more,10000,0.0370257,0.11144776173520789
new_more,10000,0.7899563,0.1536796798077802
new_more,10000,0.683938,0.16236531979064428
new_more,10000,0.7823199999999999,0.17262912000001066
new_more,10000,0.8791700000000002,0.18425954999999994
new_more,10000,0.551573581880081,0.19620686999999992
new_more,10000,0.0370257,0.11144776173520789
new_more,10000,0.7899563,0.1536796798077802
new_more,10000,0.683938,0.16236531979064428
new_more,10000,0.7823199999999998,0.17262912000001066
new_more,10000,0.8791700000000003,0.18425954999999994
new_more,10000,0.4678187085820599,0.19620686999999992
new_more,10000,0.0370257,0.11144776173520789
new_more,10000,0.7899562999999998,0.1536796798077802
new_more,10000,0.683938,0.16236531979064428
new_more,10000,0.7823199999999999,0.17262912000001066
new_more,10000,0.8791700000000002,0.18425954999999994
new_more,10000,0.33756945535002647,0.19620686999999992
new_more,10000,0.0370257,0.11144776173520789
new_more,10000,0.7899563,0.1536796798077802
new_more,10000,0.683938,0.16236531979064428
new_more,10000,0.7823199999999999,0.17262912000001066
new_more,10000,0.8791700000000002,0.18425954999999994
new_more,10000,0.3000554045116807,0.19620686999999992
new_more,10000,0.0370257,0.11144776173520789
new_more,10000,0.7899563,0.1536796798077802
new_more,10000,0.683938,0.16236531979064428
new_more,10000,0.7823199999999999,0.17262912000001066
new_more,10000,0.8791700000000002,0.18425954999999994
new_more,10000,0.14762478078041485,0.19620686999999992
new_more,10000,0.0370257,0.11144776173520789
new_more,10000,0.7899563,0.1536796798077802
new_more,10000,0.683938,0.16236531979064428
new_more,10000,0.7823199999999999,0.17262912000001066
new_more,10000,0.8791700000000002,0.18425954999999994
new_more,10000,0.1771813426468343,0.19620686999999992
new_more,10000,0.0370257,0.11144776173520789
new_more,10000,0.7899563000000001,0.1536796798077802
new_more,10000,0.683938,0.16236531979064428
new_more,10000,0.7823199999999998,0.17262912000001066
new_more,10000,0.8791700000000002,0.18425954999999994
new_more,10000,0.0653449189767716,0.19620686999999992
new_more,10000,0.0370257,0.11144776173520789
new_more,10000,0.7899563,0.1536796798077802
new_more,10000,0.683938,0.16236531979064428
new_more,10000,0.7823199999999999,0.17262912000001066
new_more,10000,0.8791700000000002,0.18425954999999994
new_more,10000,0.25969019912665636,0.19620686999999992
new_more,10000,0.0370257,0.11144776173520789
new_more,10000,0.7899563,0.1536796798077802
new_more,10000,0.683938,0.16236531979064428
new_more,10000,0.7823199999999999,0.17262912000001066
new_more,10000,0.8791700000000002,0.18425954999999994
new_more,10000,0.2534157447682079,0.19620686999999992
new_more,10000,0.0370257,0.11144776173520789
new_more,10000,0.7899563,0.1536796798077802
new_more,10000,0.683938,0.16236531979064428
new_more,10000,0.7823199999999999,0.17262912000001066
new_more,10000,0.8791700000000002,0.18425954999999994
new_more,10000,0.7035865365634018,0.19620686999999992
new_more,10000,0.0370257,0.11144776173520789
new_more,10000,0.7899563,0.1536796798077802
new_more,10000,0.683938,0.16236531979064428
new_more,10000,0.7823199999999999,0.17262912000001066
new_more,10000,0.8791700000000002,0.18425954999999994
new_more,10000,0.3345710304231563,0.19620686999999992
new_more,10000,0.0370257,0.11144776173520789
new_more,10000,0.7899563,0.1536796798077802
new_more,10000,0.6839380000000002,0.16236531979064428
new_more,10000,0.7823199999999999,0.17262912000001066
new_more,10000,0.8791700000000002,0.18425954999999994
new_more,10000,0.09139970593353564,0.19620686999999992
new_more,10000,0.0370257,0.11144776173520789
new_more,10000,0.7899563,0.1536796798077802
new_more,10000,0.683938,0.16236531979064428
new_more,10000,0.7823199999999999,0.17262912000001066
new_more,10000,0.8791700000000001,0.18425954999999994
new_more,10000,0.6455431496962313,0.19620686999999992
new_more,10000,0.0370257,0.11144776173520789
new_more,10000,0.7899563,0.1536796798077802
new_more,10000,0.683938,0.16236531979064428
new_more,10000,0.7823199999999999,0.17262912000001066
new_more,10000,0.8791700000000002,0.18425954999999994
new_more,10000,0.5545379902535609,0.19620686999999992
new_more,10000,0.0370257,0.11144776173520789
new_more,10000,0.7899563,0.1536796798077802
new_more,10000,0.683938,0.16236531979064428
new_more,10000,0.7823199999999999,0.17262912000001066
new_more,10000,0.8791700000000002,0.18425954999999994
new_more,10000,0.019259612265180793,0.19620686999999992
new_more,10000,0.0370257,0.11144776173520789
new_more,10000,0.7899563,0.1536796798077802
new_more,10000,0.683938,0.16236531979064428
new_more,10000,0.7823199999999999,0.17262912000001066
new_more,10000,0.8791700000000002,0.18425954999999994
new_more,10000,0.020549216010623948,0.19620686999999992
new_more,10000,0.0370257,0.11144776173520789
new_more,10000,0.7899563,0.1536796798077802
new_more,10000,0.683938,0.16236531979064428
new_more,10000,0.7823199999999999,0.17262912000001066
new_more,10000,0.8791700000000002,0.18425954999999994
new_more,10000,0.5027763071353153,0.19620686999999992
new_more,10000,0.0370257,0.11144776173520789
new_more,10000,0.7899563000000001,0.1536796798077802
new_more,10000,0.683938,0.16236531979064428
new_more,10000,0.7823199999999999,0.17262912000001066
new_more,10000,0.8791700000000003,0.18425954999999994
new_more,10000,0.2933573100082283,0.19620686999999992
new_more,10000,0.0370257,0.11144776173520789
new_more,10000,0.7899563,0.1536796798077802
new_more,10000,0.683938,0.16236531979064428
new_more,10000,0.7823199999999999,0.17262912000001066
new_more,10000,0.8791700000000002,0.18425954999999994
new_more,10000,0.09725440999230267,0.19620686999999992
new_more,10000,0.0370257,0.11144776173520789
new_more,10000,0.7899563,0.1536796798077802
new_more,10000,0.683938,0.16236531979064428
new_more,10000,0.7823199999999999,0.17262912000001066
new_more,10000,0.8791700000000002,0.18425954999999994
new_more,10000,0.10034578350530902,0.19620686999999992
new_more,10000,0.0370257,0.11144776173520789
new_more,10000,0.7899563,0.1536796798077802
new_more,10000,0.683938,0.16236531979064428
new_more,10000,0.7823199999999999,0.17262912000001066
new_more,10000,0.8791700000000002,0.18425954999999994
new_more,10000,0.34420968516432876,0.19620686999999992
new_more,10000,0.0370257,0.11144776173520789
new_more,10000,0.7899563,0.1536796798077802
new_more,10000,0.683938,0.16236531979064428
new_more,10000,0.7823199999999999,0.17262912000001066
new_more,10000,0.8791700000000002,0.18425954999999994
new_more,10000,0.07472326593732312,0.19620686999999992
new_more,10000,0.0370257,0.11144776173520789
new_more,10000,0.7899563,0.1536796798077802
new_more,10000,0.683938,0.16236531979064428
new_more,10000,0.7823199999999999,0.17262912000001066
new_more,10000,0.8791700000000001,0.18425954999999994
new_more,10000,0.10713850295239113,0.19620686999999992
new_more,10000,0.0370257,0.11144776173520789
new_more,10000,0.7899563,0.1536796798077802
new_more,10000,0.683938,0.16236531979064428
new_more,10000,0.7823199999999999,0.17262912000001066
new_more,10000,0.8791700000000002,0.18425954999999994
new_more,10000,0.40754364589369835,0.19620686999999992
new_more,10000,0.0370257,0.11144776173520789
new_more,10000,0.7899563,0.1536796798077802
new_more,10000,0.683938,0.16236531979064428
new_more,10000,0.7823199999999999,0.17262912000001066
new_more,10000,0.8791700000000002,0.18425954999999994
new_more,10000,0.5222664321142967,0.19620686999999992
new_more,10000,0.0370257,0.11144776173520789
new_more,10000,0.7899563,0.1536796798077802
new_more,10000,0.683938,0.16236531979064428
new_more,10000,0.7823199999999999,0.17262912000001066
new_more,10000,0.8791700000000002,0.18425954999999994
new_more,10000,0.026191720023866227,0.19620686999999992
new_more,10000,0.0370257,0.11144776173520789
new_more,10000,0.7899563,0.1536796798077802
new_more,10000,0.683938,0.16236531979064428
new_more,10000,0.7823199999999999,0.17262912000001066
new_more,10000,0.8791700000000002,0.18425954999999994
new_more,10000,0.48520982724362494,0.19620686999999992
new_more,10000,0.0370257,0.11144776173520789
new_more,10000,0.7899563,0.1536796798077802
new_more,10000,0.683938,0.16236531979064428
new_more,10000,0.7823199999999999,0.17262912000001066
new_more,10000,0.8791700000000002,0.18425954999999994
new_more,10000,0.013879905536118651,0.19620686999999992
new_more,10000,0.0370257,0.11144776173520789
new_more,10000,0.7899563,0.1536796798077802
new_more,10000,0.683938,0.16236531979064428
new_more,10000,0.78232,0.17262912000001066
new_more,10000,0.8791700000000002,0.18425954999999994
new_more,10000,6.702616607570931,0.19620686999999992
new_more,10000,0.0370257,0.11144776173520789
new_more,10000,0.7899563,0.1536796798077802
new_more,10000,0.683938,0.16236531979064428
new_more,10000,0.7823199999999999,0.17262912000001066
new_more,10000,0.8791700000000002,0.18425954999999994
new_more,10000,0.018531894769080934,0.19620686999999992
new_more,10000,0.0370257,0.11144776173520789
new_more,10000,0.7899562999999998,0.1536796798077802
new_more,10000,0.683938,0.16236531979064428
new_more,10000,0.7823199999999999,0.17262912000001066
new_more,10000,0.8791700000000003,0.18425954999999994
new_more,10000,0.19428359471877962,0.19620686999999992
new_more,10000,0.0370257,0.11144776173520789
new_more,10000,0.7899563,0.1536796798077802
new_more,10000,0.683938,0.16236531979064428
new_more,10000,0.7823199999999999,0.17262912000001066
new_more,10000,0.8791700000000002,0.18425954999999994
new_more,10000,0.3639937347978984,0.19620686999999992
new_more,10000,0.0370257,0.11144776173520789
new_more,10000,0.7899563,0.1536796798077802
new_more,10000,0.683938,0.16236531979064428
new_more,10000,0.7823199999999999,0.17262912000001066
new_more,10000,0.8791700000000002,0.18425954999999994
new_more,10000,1.5533691504608904,0.19620686999999992
new_more,100000,0.012015588069018014,0.11144776173520789
new_more,100000,0.020676055802310207,0.11144776173520789
new_more,100000,0.021088154712627042,0.11144776173520789
new_more,100000,0.011678736303313638,0.11144776173520789
new_more,100000,0.0370257,0.11144776173520789
new_more,100000,0.459278651969319,0.1536796798077802
new_more,100000,0.0370257,0.11144776173520789
new_more,100000,0.7299719959194876,0.1536796798077802
new_more,100000,0.0370257,0.11144776173520789
new_more,100000,0.727228834950635,0.1536796798077802
new_more,100000,0.0370257,0.11144776173520789
new_more,100000,0.5498185419916434,0.1536796798077802
new_more,100000,0.0370257,0.11144776173520789
new_more,100000,0.4733563952534401,0.1536796798077802
new_more,100000,0.0370257,0.11144776173520789
new_more,100000,0.7014048058056156,0.1536796798077802
new_more,100000,0.0370257,0.11144776173520789
new_more,100000,0.6651977714127546,0.1536796798077802
new_more,100000,0.0370257,0.11144776173520789
new_more,100000,0.3765572524856862,0.1536796798077802
new_more,100000,0.0370257,0.11144776173520789
new_more,100000,0.368549768003018,0.1536796798077802
new_more,100000,0.0370257,0.11144776173520789
new_more,100000,0.24822796464679395,0.1536796798077802
new_more,100000,0.0370257,0.11144776173520789
new_more,100000,0.5303142938159956,0.1536796798077802
new_more,100000,0.0370257,0.11144776173520789
new_more,100000,0.002569254046204471,0.1536796798077802
new_more,100000,0.0370257,0.11144776173520789
new_more,100000,0.12903848431936912,0.1536796798077802
new_more,100000,0.0370257,0.11144776173520789
new_more,100000,0.44470041195708643,0.1536796798077802
new_more,100000,0.0370257,0.11144776173520789
new_more,100000,0.1644832031534767,0.1536796798077802
new_more,100000,0.0370257,0.11144776173520789
new_more,100000,0.4577944574316886,0.1536796798077802
new_more,100000,0.0370257,0.11144776173520789
new_more,100000,0.48546772854243625,0.1536796798077802
new_more,100000,0.0370257,0.11144776173520789
new_more,100000,0.0354018905926172,0.1536796798077802
new_more,100000,0.0370257,0.11144776173520789
new_more,100000,0.6741069439237273,0.1536796798077802
new_more,100000,0.0370257,0.11144776173520789
new_more,100000,0.27267036469907485,0.1536796798077802
new_more,100000,0.0370257,0.11144776173520789
new_more,100000,0.6758331843283378,0.1536796798077802
new_more,100000,0.0370257,0.11144776173520789
new_more,100000,0.7702083942379686,0.1536796798077802
new_more,100000,0.0370257,0.11144776173520789
new_more,100000,0.03460132253273002,0.1536796798077802
new_more,100000,0.0370257,0.11144776173520789
new_more,100000,0.1670167718369807,0.1536796798077802
new_more,100000,0.0370257,0.11144776173520789
new_more,100000,0.4084077906129404,0.1536796798077802
new_more,100000,0.0370257,0.11144776173520789
new_more,100000,0.1399323868089164,0.1536796798077802
new_more,100000,0.0370257,0.11144776173520789
new_more,100000,0.0019656718457443426,0.1536796798077802
new_more,100000,0.0370257,0.11144776173520789
new_more,100000,0.4545425036259429,0.1536796798077802
new_more,100000,0.0370257,0.11144776173520789
new_more,100000,0.035434339856559395,0.1536796798077802
new_more,100000,0.0370257,0.11144776173520789
new_more,100000,0.7374908634797182,0.1536796798077802
new_more,100000,0.0370257,0.11144776173520789
new_more,100000,0.6338639399588781,0.1536796798077802
new_more,100000,0.0370257,0.11144776173520789
new_more,100000,0.32016025194456393,0.1536796798077802
new_more,100000,0.0370257,0.11144776173520789
new_more,100000,0.5093834090357546,0.1536796798077802
new_more,100000,0.0370257,0.11144776173520789
new_more,100000,0.166687527088668,0.1536796798077802
new_more,100000,0.0370257,0.11144776173520789
new_more,100000,0.7409316833315459,0.1536796798077802
new_more,100000,0.0370257,0.11144776173520789
new_more,100000,0.21104992778821896,0.1536796798077802
new_more,100000,0.0370257,0.11144776173520789
new_more,100000,0.24980348037236824,0.1536796798077802
new_more,100000,0.0370257,0.11144776173520789
new_more,100000,0.12733257949070584,0.1536796798077802
new_more,100000,0.0370257,0.11144776173520789
new_more,100000,0.3400003498253172,0.1536796798077802
new_more,100000,0.0370257,0.11144776173520789
new_more,100000,0.5190935519103701,0.1536796798077802
new_more,100000,0.0370257,0.11144776173520789
new_more,100000,0.26895519896764486,0.1536796798077802
new_more,100000,0.0370257,0.11144776173520789
new_more,100000,0.24106165241545402,0.1536796798077802
new_more,100000,0.0370257,0.11144776173520789
new_more,100000,0.22266840690750106,0.1536796798077802
new_more,100000,0.0370257,0.11144776173520789
new_more,100000,0.1094250835517151,0.1536796798077802
new_more,100000,0.0370257,0.11144776173520789
new_more,100000,0.33767058910424635,0.1536796798077802
new_more,100000,0.0370257,0.11144776173520789
new_more,100000,0.7899563000000001,0.1536796798077802
new_more,100000,0.21292510704551534,0.16236531979064428
new_more,100000,0.0370257,0.11144776173520789
new_more,100000,0.7899563,0.1536796798077802
new_more,100000,0.19188016886088446,0.16236531979064428
new_more,100000,0.0370257,0.11144776173520789
new_more,100000,0.7899563,0.1536796798077802
new_more,100000,0.201485459244253,0.16236531979064428
new_more,100000,0.0370257,0.11144776173520789
new_more,100000,0.7899563,0.1536796798077802
new_more,100000,0.31342117449260193,0.16236531979064428
new_more,100000,0.0370257,0.11144776173520789
new_more,100000,0.7899563,0.1536796798077802
new_more,100000,0.3697016132684606,0.16236531979064428
new_more,100000,0.0370257,0.11144776173520789
new_more,100000,0.7899563,0.1536796798077802
new_more,100000,0.01787409374818255,0.16236531979064428
new_more,100000,0.0370257,0.11144776173520789
new_more,100000,0.7899563,0.1536796798077802
new_more,100000,0.6809731863869931,0.16236531979064428
new_more,100000,0.0370257,0.11144776173520789
new_more,100000,0.7899563,0.1536796798077802
new_more,100000,0.6232053154485346,0.16236531979064428
new_more,100000,0.0370257,0.11144776173520789
new_more,100000,0.7899563,0.1536796798077802
new_more,100000,0.42743071316229636,0.16236531979064428
new_more,100000,0.0370257,0.11144776173520789
new_more,100000,0.7899563000000001,0.1536796798077802
new_more,100000,0.283767347211561,0.16236531979064428
new_more,100000,0.0370257,0.11144776173520789
new_more,100000,0.7899563,0.1536796798077802
new_more,100000,0.154411586548312,0.16236531979064428
new_more,100000,0.0370257,0.11144776173520789
new_more,100000,0.7899563,0.1536796798077802
new_more,100000,0.04350137926008458,0.16236531979064428
new_more,100000,0.0370257,0.11144776173520789
new_more,100000,0.7899563,0.1536796798077802
new_more,100000,0.07223213497518717,0.16236531979064428
new_more,100000,0.0370257,0.11144776173520789
new_more,100000,0.7899563,0.1536796798077802
new_more,100000,0.2415311315387151,0.16236531979064428
new_more,100000,0.0370257,0.11144776173520789
new_more,100000,0.7899563,0.1536796798077802
new_more,100000,0.5927954261725681,0.16236531979064428
new_more,100000,0.0370257,0.11144776173520789
new_more,100000,0.7899563,0.1536796798077802
new_more,100000,0.5750311853403322,0.16236531979064428
new_more,100000,0.0370257,0.11144776173520789
new_more,100000,0.7899563,0.1536796798077802
new_more,100000,0.29268762357393907,0.16236531979064428
new_more,100000,0.0370257,0.11144776173520789
new_more,100000,0.7899562999999998,0.1536796798077802
new_more,100000,0.2888595986409132,0.16236531979064428
new_more,100000,0.0370257,0.11144776173520789
new_more,100000,0.7899563,0.1536796798077802
new_more,100000,0.1745687177511058,0.16236531979064428
new_more,100000,0.0370257,0.11144776173520789
new_more,100000,0.7899563,0.1536796798077802
new_more,100000,0.3822995114365944,0.16236531979064428
new_more,100000,0.0370257,0.11144776173520789
new_more,100000,0.7899563,0.1536796798077802
new_more,100000,0.31245121631412337,0.16236531979064428
new_more,100000,0.0370257,0.11144776173520789
new_more,100000,0.7899563,0.1536796798077802
new_more,100000,0.6001510889215887,0.16236531979064428
new_more,100000,0.0370257,0.11144776173520789
new_more,100000,0.7899563,0.1536796798077802
new_more,100000,0.15887797561146663,0.16236531979064428
new_more,100000,0.0370257,0.11144776173520789
new_more,100000,0.7899563,0.1536796798077802
new_more,100000,0.683938,0.16236531979064428
new_more,100000,0.09319883267822932,0.17262912000001066
new_more,100000,0.0370257,0.11144776173520789
new_more,100000,0.7899563,0.1536796798077802
new_more,100000,0.683938,0.16236531979064428
new_more,100000,0.6134691798122286,0.17262912000001066
new_more,100000,0.0370257,0.11144776173520789
new_more,100000,0.7899563,0.1536796798077802
new_more,100000,0.683938,0.16236531979064428
new_more,100000,0.7472688150857046,0.17262912000001066
new_more,100000,0.0370257,0.11144776173520789
new_more,100000,0.7899562999999998,0.1536796798077802
new_more,100000,0.683938,0.16236531979064428
new_more,100000,0.6058618782556641,0.17262912000001066
new_more,100000,0.0370257,0.11144776173520789
new_more,100000,0.7899562999999998,0.1536796798077802
new_more,100000,0.683938,0.16236531979064428
new_more,100000,0.08597602425551143,0.17262912000001066
new_more,100000,0.0370257,0.11144776173520789
new_more,100000,0.7899563,0.1536796798077802
new_more,100000,0.683938,0.16236531979064428
new_more,100000,0.19922387748596596,0.17262912000001066
new_more,100000,0.0370257,0.11144776173520789
new_more,100000,0.7899563,0.1536796798077802
new_more,100000,0.683938,0.16236531979064428
new_more,100000,0.6405446138298441,0.17262912000001066
new_more,100000,0.0370257,0.11144776173520789
new_more,100000,0.7899563,0.1536796798077802
new_more,100000,0.683938,0.16236531979064428
new_more,100000,0.1856631798838108,0.17262912000001066
new_more,100000,0.037025699999999995,0.11144776173520789
new_more,100000,0.7899563,0.1536796798077802
new_more,100000,0.683938,0.16236531979064428
new_more,100000,0.43850233332968525,0.17262912000001066
new_more,100000,0.0370257,0.11144776173520789
new_more,100000,0.7899562999999998,0.1536796798077802
new_more,100000,0.683938,0.16236531979064428
new_more,100000,0.537683837762094,0.17262912000001066
new_more,100000,0.0370257,0.11144776173520789
new_more,100000,0.7899563,0.1536796798077802
new_more,100000,0.683938,0.16236531979064428
new_more,100000,0.3244928884264447,0.17262912000001066
new_more,100000,0.0370257,0.11144776173520789
new_more,100000,0.7899563,0.1536796798077802
new_more,100000,0.683938,0.16236531979064428
new_more,100000,0.023574263402996173,0.17262912000001066
new_more,100000,0.0370257,0.11144776173520789
new_more,100000,0.7899563,0.1536796798077802
new_more,100000,0.683938,0.16236531979064428
new_more,100000,0.1020906556442368,0.17262912000001066
new_more,100000,0.0370257,0.11144776173520789
new_more,100000,0.7899563,0.1536796798077802
new_more,100000,0.683938,0.16236531979064428
new_more,100000,0.5794771661735446,0.17262912000001066
new_more,100000,0.0370257,0.11144776173520789
new_more,100000,0.7899562999999998,0.1536796798077802
new_more,100000,0.683938,0.16236531979064428
new_more,100000,0.5480158862560394,0.17262912000001066
new_more,100000,0.0370257,0.11144776173520789
new_more,100000,0.7899562999999998,0.1536796798077802
new_more,100000,0.683938,0.16236531979064428
new_more,100000,0.7049003544786513,0.17262912000001066
new_more,100000,0.0370257,0.11144776173520789
new_more,100000,0.7899563,0.1536796798077802
new_more,100000,0.683938,0.16236531979064428
new_more,100000,0.05148823671409792,0.17262912000001066
new_more,100000,0.0370257,0.11144776173520789
new_more,100000,0.7899563,0.1536796798077802
new_more,100000,0.683938,0.16236531979064428
new_more,100000,0.10917178862046563,0.17262912000001066
new_more,100000,0.0370257,0.11144776173520789
new_more,100000,0.7899563,0.1536796798077802
new_more,100000,0.683938,0.16236531979064428
new_more,100000,0.7823199999999999,0.17262912000001066
new_more,100000,0.1890669044809409,0.18425954999999994
new_more,100000,0.0370257,0.11144776173520789
new_more,100000,0.7899563,0.1536796798077802
new_more,100000,0.683938,0.16236531979064428
new_more,100000,0.78232,0.17262912000001066
new_more,100000,0.7438051790320426,0.18425954999999994
new_more,100000,0.0370257,0.11144776173520789
new_more,100000,0.7899563,0.1536796798077802
new_more,100000,0.683938,0.16236531979064428
new_more,100000,0.7823199999999999,0.17262912000001066
new_more,100000,0.8457633071403348,0.18425954999999994
new_more,100000,0.0370257,0.11144776173520789
new_more,100000,0.7899563,0.1536796798077802
new_more,100000,0.683938,0.16236531979064428
new_more,100000,0.7823199999999999,0.17262912000001066
new_more,100000,0.13668522584659615,0.18425954999999994
new_more,100000,0.0370257,0.11144776173520789
new_more,100000,0.7899563,0.1536796798077802
new_more,100000,0.683938,0.16236531979064428
new_more,100000,0.7823199999999999,0.17262912000001066
new_more,100000,0.2845686628264115,0.18425954999999994
new_more,100000,0.0370257,0.11144776173520789
new_more,100000,0.7899563,0.1536796798077802
new_more,100000,0.683938,0.16236531979064428
new_more,100000,0.7823199999999999,0.17262912000001066
new_more,100000,0.8465680658518955,0.18425954999999994
new_more,100000,0.0370257,0.11144776173520789
new_more,100000,0.7899563,0.1536796798077802
new_more,100000,0.683938,0.16236531979064428
new_more,100000,0.7823199999999999,0.17262912000001066
new_more,100000,0.20275346720561446,0.18425954999999994
new_more,100000,0.0370257,0.11144776173520789
new_more,100000,0.7899563,0.1536796798077802
new_more,100000,0.6839380000000002,0.16236531979064428
new_more,100000,0.7823199999999999,0.17262912000001066
new_more,100000,0.8791700000000002,0.18425954999999994
new_more,100000,2.5470639530887498,0.19620686999999992
new_more,100000,0.0370257,0.11144776173520789
new_more,100000,0.7899563,0.1536796798077802
new_more,100000,0.683938,0.16236531979064428
new_more,100000,0.7823199999999999,0.17262912000001066
new_more,100000,0.8791700000000002,0.18425954999999994
new_more,100000,3.622535787707751,0.19620686999999992
new_more,1000000,0.0370257,0.11144776173520789
new_more,1000000,0.368549768003018,0.1536796798077802
new_more,1000000,0.0370257,0.11144776173520789
new_more,1000000,0.24822796464679395,0.1536796798077802
new_more,1000000,0.0370257,0.11144776173520789
new_more,1000000,0.5303142938159956,0.1536796798077802
new_more,1000000,0.0370257,0.11144776173520789
new_more,1000000,0.36411378799531297,0.1536796798077802
new_more,1000000,0.0370257,0.11144776173520789
new_more,1000000,0.04254674114299516,0.1536796798077802
new_more,1000000,0.0370257,0.11144776173520789
new_more,1000000,0.24720443854647794,0.1536796798077802
new_more,1000000,0.0370257,0.11144776173520789
new_more,1000000,0.27267036469907485,0.1536796798077802
new_more,1000000,0.0370257,0.11144776173520789
new_more,1000000,0.6758331843283378,0.1536796798077802
new_more,1000000,0.0370257,0.11144776173520789
new_more,1000000,0.7760406271380957,0.1536796798077802
new_more,1000000,0.0370257,0.11144776173520789
new_more,1000000,0.526893419391465,0.1536796798077802
new_more,1000000,0.0370257,0.11144776173520789
new_more,1000000,0.6042880805306684,0.1536796798077802
new_more,1000000,0.0370257,0.11144776173520789
new_more,1000000,0.3938167213008676,0.1536796798077802
new_more,1000000,0.0370257,0.11144776173520789
new_more,1000000,0.09163507884406347,0.1536796798077802
new_more,1000000,0.0370257,0.11144776173520789
new_more,1000000,0.741687188744723,0.1536796798077802
new_more,1000000,0.0370257,0.11144776173520789
new_more,1000000,0.459278651969319,0.1536796798077802
new_more,1000000,0.0370257,0.11144776173520789
new_more,1000000,0.7299719959194876,0.1536796798077802
new_more,1000000,0.0370257,0.11144776173520789
new_more,1000000,0.727228834950635,0.1536796798077802
new_more,1000000,0.0370257,0.11144776173520789
new_more,1000000,0.7899563,0.1536796798077802
new_more,1000000,0.6232053154485346,0.16236531979064428
new_more,1000000,0.0370257,0.11144776173520789
new_more,1000000,0.7899563,0.1536796798077802
new_more,1000000,0.04578007155717619,0.16236531979064428
new_more,1000000,0.0370257,0.11144776173520789
new_more,1000000,0.7899563,0.1536796798077802
new_more,1000000,0.07223213497518717,0.16236531979064428
new_more,1000000,0.0370257,0.11144776173520789
new_more,1000000,0.7899563,0.1536796798077802
new_more,1000000,0.4078526585597593,0.16236531979064428
new_more,1000000,0.037025699999999995,0.11144776173520789
new_more,1000000,0.7899563,0.1536796798077802
new_more,1000000,0.5942759492741246,0.16236531979064428
new_more,1000000,0.0370257,0.11144776173520789
new_more,1000000,0.7899563000000001,0.1536796798077802
new_more,1000000,0.21292510704551534,0.16236531979064428
new_more,1000000,0.0370257,0.11144776173520789
new_more,1000000,0.7899563,0.1536796798077802
new_more,1000000,0.6809731863869931,0.16236531979064428
new_more,1000000,0.0370257,0.11144776173520789
new_more,1000000,0.7899563,0.1536796798077802
new_more,1000000,0.683938,0.16236531979064428
new_more,1000000,0.025477601751037367,0.17262912000001066
new_more,1000000,0.0370257,0.11144776173520789
new_more,1000000,0.7899563000000001,0.1536796798077802
new_more,1000000,0.683938,0.16236531979064428
new_more,1000000,0.6405446138298533,0.17262912000001066
new_more,1000000,0.0370257,0.11144776173520789
new_more,1000000,0.7899562999999998,0.1536796798077802
new_more,1000000,0.683938,0.16236531979064428
new_more,1000000,0.5480158862560394,0.17262912000001066
new_more,1000000,0.0370257,0.11144776173520789
new_more,1000000,0.7899563,0.1536796798077802
new_more,1000000,0.683938,0.16236531979064428
new_more,1000000,0.613469179812228,0.17262912000001066
new_more,1000000,0.0370257,0.11144776173520789
new_more,1000000,0.7899563,0.1536796798077802
new_more,1000000,0.683938,0.16236531979064428
new_more,1000000,0.09319883267822932,0.17262912000001066
new_more,1000000,0.0370257,0.11144776173520789
new_more,1000000,0.7899563,0.1536796798077802
new_more,1000000,0.683938,0.16236531979064428
new_more,1000000,0.7823199999999999,0.17262912000001066
new_more,1000000,0.2847593070952245,0.18425954999999994
new_more,1000000,0.0370257,0.11144776173520789
new_more,1000000,0.7899563,0.1536796798077802
new_more,1000000,0.6839380000000002,0.16236531979064428
new_more,1000000,0.7823199999999999,0.17262912000001066
new_more,1000000,0.8791700000000002,0.18425954999999994
new_more,1000000,2.5470639530887498,0.19620686999999992
new_more,1000000,0.0370257,0.11144776173520789
new_more,1000000,0.7899563,0.1536796798077802
new_more,1000000,0.683938,0.16236531979064428
new_more,1000000,0.7823199999999999,0.17262912000001066
new_more,1000000,0.8791700000000002,0.18425954999999994
new_more,1000000,3.622535787707751,0.19620686999999992
